text,hate_label,source,profanity_score,language,dataset_version,combined_date,text_length,word_count
"जनवरी से सभी कार्डधारकों को घर पर राशन उपलब्ध करायेगी केजरीवाल सरकार।
 ",0,hindi_dataset,0,hindi,v1.0,2025-09-11,71,12
"Kisi producer ne isko agar show diya to unki bohot bari galti hogi, bcoz isne logo ka itna nafrat gain kiya hai ki TRP zero ho jayega uss show ka. @i_shilpa_shinde @Im_ShilpaShinde @Shilpa_Shinde_ @shilpa_shindey",0,hate_speech_tsv,0,hinglish,v1.0,2025-09-11,212,34
"महिला के पति ने उसे पिछले  महीने से उसी के घर में जंजीरों से बांधकर रखा था पीड़ित महिला का पति उसके साथ मारपीट करता था और टॉर्चर करता था

 
",0,hindi_dataset,0,hindi,v1.0,2025-09-11,140,30
इन मुसलमानों की तरह कोई और गदा नहीं है,0,hindi_dataset,0,hindi,v1.0,2025-09-11,38,9
मादरचोद सेना में जो बी जावन तुम जैसी चूतियो के लिए सहीद हुए वो सब हिंदू थे समझ,0,hindi_dataset,0,hindi,v1.0,2025-09-11,78,18
i know they live in germany,0,english_dataset,0,english,v1.0,2025-09-11,27,6
gerald aches just to let you know that i declined your csd i think a claim to importance is established moreover it is a pretty decent looking article with references and all thank you,0,english_dataset,0,english,v1.0,2025-09-11,184,34
chalo terrorism ki wajah se toh phatti hai ap logo ki :D and we are not terrorist and unka ko koi imaan nahi hota what about gujarat kashmir,0,hate_speech_tsv,0,hinglish,v1.0,2025-09-11,140,28
370 hate ya na hate abdullah india me hoke v pok pakistan ka batate hai aur tere jese 2 kodi ki congi chudail wahi kahegi jo congress karti ayi hai. tujhe v lagta hai halala ki aadat pad gyi hai islie esa bol rhi hai,0,hate_speech_tsv,0,hinglish,v1.0,2025-09-11,216,45
criminal:Jo bolta hai vohi hota hai,0,hate_speech_tsv,0,hinglish,v1.0,2025-09-11,35,6
not done i noticed you marked my request for rollback as and you did not leave a reason why can you please explain talk,0,english_dataset,0,english,v1.0,2025-09-11,119,24
everyone muted you thanks for working for free face with tears of joy face with tears of joy face with tears of joy maga,0,english_dataset,0,english,v1.0,2025-09-11,120,24
catholic diocese in england even though for obvious reasons i would disagree with you on topics regarding yorkshire greater manchester you are completely right in moving back mysterious moving of catholic diocese articles diocese of salford for example he does not seem to understand that in england the catholic diocese specifically have different names to the anglican ones so there can be no room for confusion between them all so the qualification of roman catholic and anglican is not needed do you have any ideas to dissuade him i have already tried to explain to him but it does not seem to sink in,0,english_dataset,0,english,v1.0,2025-09-11,605,104
पाकिस्तान के एजेंट हमें एक जुट हो कर लड़ना होगा या हम सबकी जिम्मेदारी है श्रीफ सरकार की नहीं।,0,hindi_dataset,0,hindi,v1.0,2025-09-11,93,19
nothing really bold text hey i am bored and have nothing else to do this is also my first day on wiki,0,english_dataset,0,english,v1.0,2025-09-11,101,22
तुम गांडू अंग्रेज़ों को क्या दिक्कत हैं,0,hindi_dataset,0,hindi,v1.0,2025-09-11,38,7
well i am going to change the title to synthetic cannabinoids if anyone objects speak now,0,english_dataset,0,english,v1.0,2025-09-11,89,16
"Sahi baat har aurat mein devi hoti hai to kameene rape kyon karte hai, pahle aap iska jabaab do. Kya honeypreet koi special breed devi hai?",0,hate_speech_tsv,0,hinglish,v1.0,2025-09-11,139,26
Nafrat phailane wala ye propaganda band hona chahiye.,0,hate_speech_tsv,0,hinglish,v1.0,2025-09-11,53,8
पाकिस्तान ने जो सर बुलाया है सेना के मेटो कहूँगा एसे सर रुक कात क्र भारत को देना चाहिए पाकिस्तान को तभी पता चलेगा सैली फैक मिडिया की बातो पीआर यकीन करता है या भारतीय मुसलमानों को बदनाम करता है कमीने,0,hindi_dataset,0,hindi,v1.0,2025-09-11,198,41
मैं समझता हूँ की महिलायें भी इंसान हैं पर मैं इनको हमसे छोटे इंसान में गिनता हूँ,0,hindi_dataset,0,hindi,v1.0,2025-09-11,80,17
fantastic match,0,english_dataset,0,english,v1.0,2025-09-11,15,2
retweet german anti muslim protests start again with thousands marching tonight,0,english_dataset,0,english,v1.0,2025-09-11,79,11
notification regarding mickmacnee case as a matter of standard procedure parties to an arbitration case can be unblocked summarily to allow them to participate in the case proceedings please indicate whether you wish to be unblocked in order to participate in the case for the arbitration committee,0,english_dataset,0,english,v1.0,2025-09-11,298,47
@Madeeha_Naqvi kasur Punjab me rape cases me jali police muqablon me masom nojwanon ko maarna idher be koi bolay ga?http://www.bbc.com/news/world-asia-42742980 …,0,hate_speech_tsv,0,hinglish,v1.0,2025-09-11,161,21
"मीलों तक चलता रहा
यूँ हीं मोहब्बत का कारवाँ

ना लैला ऊँट से उतरी
ना मजनूँओ  ने पीछा छोड़ा 

  पुनः अध्यक्ष 

",0,hindi_dataset,0,hindi,v1.0,2025-09-11,109,21
a million times this,0,english_dataset,0,english,v1.0,2025-09-11,20,4
"बेटे अभिजीत मुखर्जी के पिता को मुखाग्नि देने के साथ ही पूर्व राष्ट्रपति प्रणव मुखर्जी पंचतत्व में विलीन हो गए
",0,hindi_dataset,0,hindi,v1.0,2025-09-11,110,20
rfa questions in reference to your questions why i asked them be best answered here basically i am testing the candidate s understanding and interpretation of policy i used to ask them of every rfa but since i have had to cut back my participation i have taken the personal policy of only asking them of newly posted rfa that do not appear to be a snowball accept and ones where only the generic questions have been answered talk cont ribs,0,english_dataset,0,english,v1.0,2025-09-11,439,81
Jo dharam ko chhupaye vo socho kya bhala kr skta h kisi ka..tbhi m socha ye saffron terror kyon kah rha h. Aaj itna pyar saffron se. Gandhi nhi gndi nali ki paidaish h.,0,hate_speech_tsv,0,hinglish,v1.0,2025-09-11,168,34
i went to poland on holiday once it what a slut a nice country even more the people were very welcoming,0,english_dataset,0,english,v1.0,2025-09-11,103,21
it is so annoying when you try to be smart,0,english_dataset,0,english,v1.0,2025-09-11,42,10
कांग्रेस देश को खा गई हमें समय विकल्प नहीं मिला तो लॉग करने के लिए क्या करें प्रति एबी विकल्प बी एच और लॉग विकल्प का उपयोग बी कर रहे एच,0,hindi_dataset,0,hindi,v1.0,2025-09-11,135,31
interview with kevin dub row elizabeth what is up with removing the link to the kevin dub row interview with pod show radio that is one of kevin s last audio interviews there are other links to interviews with quite riot members in this article as well why did you fill this one what a slut a spam link,0,english_dataset,0,english,v1.0,2025-09-11,302,59
i had never imagine seeing self so happy with someone else goals finallyai,0,english_dataset,0,english,v1.0,2025-09-11,74,13
" का एक और मामला आया सामने  युवती ने पत्रकार पर लगाया गंभीर आरोप 
 
",0,hindi_dataset,0,hindi,v1.0,2025-09-11,67,13
"ताहिर हुसैन के आतंक की फैक्ट्री घर से जिस लड़की के कपड़े बरामद हुवे थे और उसकी नाले में लाश मिली थी उसकी पहचान हो चुकी है।  साल की ज्योति पाटीदार है। हिंदुओ के घरों पर हमले के बाद इस लड़की को शांतिदूतो द्वारा ताहिर के घर के अंदर घसीट कर लाया गया  शांतिदुतों ने रेप किया और 

",0,hindi_dataset,0,hindi,v1.0,2025-09-11,272,58
erik eckford i m not hellbent on keeping the critical stuff out since so many people want to trash him i just like for people to take a second look before they address stuff i realize what you are saying that he is not popular due to his research but rather the entertainment value in fact i have said that several times to others i just get a kick out of him you seem to be a fairly reasonable guy so i will just defer to your judgement whether to restore those additions,0,english_dataset,0,english,v1.0,2025-09-11,472,93
good riddance sarah sanders fuck trump,0,english_dataset,0,english,v1.0,2025-09-11,38,6
abby are you getting chickens,0,english_dataset,0,english,v1.0,2025-09-11,29,5
मेरे मैनेजर भी एक बांग्लादेशी हैं,0,hindi_dataset,0,hindi,v1.0,2025-09-11,33,6
"कोरोना काल में पितृपक्ष मेला रद्द होने के बाद चोरी छिपे पिंड दान कर रहे लोग अंधेरे में पितरों को दिला रहे मोक्ष

",0,hindi_dataset,0,hindi,v1.0,2025-09-11,113,23
let us talk about opposite concepts like gypsies and rudeness,0,english_dataset,0,english,v1.0,2025-09-11,61,10
how about the lefts war on american constitution you were including mitt as a lefty are not you,0,english_dataset,0,english,v1.0,2025-09-11,95,18
"App kaisay aik "" lunatic "" ko justify kar saktay hain jo qomyatoon ka naam par khoon ki holi khailta ho.  @hafeezbhutto31",0,hate_speech_tsv,0,hinglish,v1.0,2025-09-11,121,22
a simple google search would have shown you that he was whatever are all able to work together to edit and expand articles and in some cases an editor will begin a page with the understanding that other editors with interest and expertise will address to it over time,0,english_dataset,0,english,v1.0,2025-09-11,267,49
please stop getting bent out of shape over talk pages for internet protocol address and if you do be sure you know what is going on before you do wikipedia is an encyclopedia not a place to get worked up and get all nit picky and pedantic about stuff take a chill pill and get out of my grill,0,english_dataset,0,english,v1.0,2025-09-11,292,59
तभी अगर उन महिलाओं का कोई गला घोंट देता,0,hindi_dataset,0,hindi,v1.0,2025-09-11,39,9
पाकिस्तान देश एतना गरीब ह कि वाहा के कुत्ते हमारे देश के समाचार चैनल के पे अपनी मां बहन एक करवा रहे ह  सालो के घर समाचार चैनल भी नहीं ह खुद का ,0,hindi_dataset,0,hindi,v1.0,2025-09-11,143,33
this is getting ridiculous why does everyone think indigenous people are not experiencing evil they really are and deforestation is literally ruining their lives,0,english_dataset,0,english,v1.0,2025-09-11,161,24
मोदी जी सरकार में जवान का मरना कोई बड़ी बात नहीं भारत की सरकार ही खराब है,0,hindi_dataset,0,hindi,v1.0,2025-09-11,73,17
one of the issues that keeps getting brought up is the lack of evidence on the first vision it is being said repeatedly that there is historical that smith had this vision and that it was not historically significant enough to be discussed in the context of his early life let me counter this with a short quote from the preface to robert gemini s biography on joseph smith should make it clear at the outset that i am not a mormon as such i faced several problems in writing this book one of which involved joseph s visions and revelations which are crucial to an understanding of him his church and the times in which he lived after considerable thought i decided to present his religious experiences just as he described them in his writings and let readers decide for themselves to what extent they would give credence to them i am not out to prove or disprove any of his claims as a historian i have tried to be as objective as possible in narrating his life and work gemini p x in his book gemini presents the first vision as smith said it happened the same as other biographers do and the same where are you i believe whatever should do like gemini whatever should not be trying to prove or disprove any of smith s claims but unlike gemini or job is fairly simple whatever do not have to worry about what a slut historical and what a slut not whatever do not need to do original research our job is to reflect reliable sources,0,english_dataset,0,english,v1.0,2025-09-11,1433,269
lobsters and ligatures are you a portland area type nerd then,0,english_dataset,0,english,v1.0,2025-09-11,61,11
एक और कागलादेशी ,0,hindi_dataset,0,hindi,v1.0,2025-09-11,16,3
"तो क्या पाकिस्तान बोले गा तो हाय मानोगे
अब तो लगता है आर्मी ओ के साथ  कैमरा मैन वी बेज ना पड़ेगाइनको सबुत देने के लिए",0,hindi_dataset,0,hindi,v1.0,2025-09-11,117,26
actually i am not a cook anymore,0,english_dataset,0,english,v1.0,2025-09-11,32,7
Izzat se yaad ... ap ke ghar ki Maa behn ki izzat bachi hoi hay yah....??? Wo kia hay na aj kal Endia main rape kuch ziada hi ho rahy hain,0,hate_speech_tsv,0,hinglish,v1.0,2025-09-11,138,31
remove the tricolor from this article the tricolor is not a symbol of northern ireland so why is it in this section it seems that it is here at the behest of a group of organized irish nationalist editors who are adept at playing the wikipedia game by creating controversy and thus the need for consensus which is then achieved by force of numbers could whatever have instead some genuine discussion as to why the flag should be included in a section on symbols of northern ireland please could other editors take part otherwise this article like others will remain under the control of the irish nationalist editors it what a slut previously agreed that the flag could stay if its ambiguous and point of view flag of ireland name were changed to irish tricolor but even this compromise has since been overturned by the nationalist group remember consensus means more than majority rule,0,english_dataset,0,english,v1.0,2025-09-11,886,154
घण्टा पोस्ट को तबा किया ये अज्ज कल मीडिया बहुत ज्यादा ही झूठी खबर बना कर लोगो को गुमराह करती है पोस्ट तबा करने से क्या होगा साला अगर कोई हमारे सैनिक पे हाथ उठे तो पूरा पाकिस्तान तब कर दो तबी सालो माई अक्ल आएगी।,0,hindi_dataset,0,hindi,v1.0,2025-09-11,210,46
by another suggestion that this article needs an image or two i made a couple of searches at wikimedia commons i did not find a lot but here are a few images that be of use within the article if you see a relevant place please address them in class,0,english_dataset,0,english,v1.0,2025-09-11,248,50
you want some crackers with that whine,0,english_dataset,0,english,v1.0,2025-09-11,38,7
i know a lot of bisexuals who are women,0,english_dataset,0,english,v1.0,2025-09-11,39,9
do you know anything about the postulated genetic language old european synonymy and their possible role in shedding light on the veneto,0,english_dataset,0,english,v1.0,2025-09-11,136,22
someone please high five kat andre in the face with a fry pan hard mr,0,english_dataset,0,english,v1.0,2025-09-11,69,15
it would probably be helpful if you could find something not wmc related to do it is not constructive to make snide insulting remarks like this one in general if you feel that there is an issue with another user s conduct address it politely and clearly in an appropriate venue do not take cheap shots talk,0,english_dataset,0,english,v1.0,2025-09-11,306,57
Bhai sahi movie hai ..@MomTheMovie dekh ke ek aadha murder apun ko bhi karne ka hai..kya acting hai #Sridevi ki,0,hate_speech_tsv,0,hinglish,v1.0,2025-09-11,111,20
लोक जनशक्ति पार्टी की बैठक में फैसला हुआ है कि  विधानसभा सीटों पर उम्मीदवारों का ऐलान किया जाएगा और जल्द से जल्द लिस्ट सेंट्रल पार्ल्यामेंट्री बोर्ड को भेजी जाएगी। चुनाव में गठबंधन से संबंधित फैसले पार्टी प्रमुख करेंगे। ,0,hindi_dataset,0,hindi,v1.0,2025-09-11,220,38
agreed and done,0,english_dataset,0,english,v1.0,2025-09-11,15,3
तुम जैसे आर्टिस्ट समाज के लिए खतरा है,0,hindi_dataset,0,hindi,v1.0,2025-09-11,37,8
if i had pizza in me all day i had been this too,0,english_dataset,0,english,v1.0,2025-09-11,48,13
regarding the suitability of the for different targets as noted when someone did undo my edit that removed the statement about the being just too large and too expensive for most targets this statement in the text what a slut supposed to be referring to land targets however the meaning of the text as it stands now and as it stood before my edit gives the impression that the is unsuitable for the majority of all targets naval targets included so unless someone provides a credible source that the is too large and expensive for all types of targets the text has to be changed from it is current form since it is highly misleading i m going to revert the last undo and address information to the text that the is just too large and too expensive for most types of land targets this is i accept as highly plausible and i am happy to see it included in the text on the other hand someone could make the case that it probably should be included that the polymer is too small for many targets but i do not care that much so let us leave that out i hope this is satisfactory to everyone,0,english_dataset,0,english,v1.0,2025-09-11,1083,206
hello kept thanks for the notification i believe however that this article fulfills the criteria for inclusion on wikipedia you are free to google search on the name of this notable personality who is a source of inspiration to many downtrodden young africans an extraordinary figure in the democratization of the continent and a major player in the worldwide democratization movement of the late s whatever have seen many stories about figures in the democratization struggle of eastern europe which are not as compelling as this celebrated in the global media whatever read of the heroes of tiananmen this is one of the heroes of the nigerian struggles that claimed more victims that tiananmen and what a slut languishing in jail at that same period a second review will be much appreciated i left you a message over requesting a proofreading to be sure it s okay to go life but did not get a response,0,english_dataset,0,english,v1.0,2025-09-11,903,156
"जिसको निजीकरण पसन्द है 
वो अपनी नोकरी छोड़ कर  ₹ में प्राइवेट बसों में एक महीना टिकेट काटे ।
फिर लिखे निजीकरण क्या है",0,hindi_dataset,0,hindi,v1.0,2025-09-11,117,24
to be honest i am really not in the mood to argue with anyone over the ethnic population of heart or any other city of afghanistan if you guys want to address that the entire afghanistan s population is talks you go ahead and write this everywhere you also state that kandahar is talks like if this going to change anything i know the fact that usertajik is qizibash or whatever you spell it and this group of people are the least in afghanistan i do not even think they make of afghanistan s population it is not my duty to come up with the exact number of ethnic people living in each city as an afghan and a proud pashtun i explain to westerners that since majority of the people speaking dark farsi heart persian or whatever you call that language this does not mean all of those are ethnic talks the best example is united states of america again the majority of people in united states of america speak english but that does not mean they are ethnic english people you have people from every ethnic of the world living in united states of america and all speaking english this is the case in afghanistan finally when emperor bar stated in his ad memoirs about calling talks parts perhaps he meant to call them rats usernisarkand,0,english_dataset,0,english,v1.0,2025-09-11,1234,228
कहासुनी रिया चक्रवर्ती के वकील ने कहा है कि वो गिरफ़्तारी के लिए तैयार हैं क्योंकि उनके ख़िलाफ़ फ़र्ज़ी अभियान चलाकर उन्हें बेवजह निशाना बनाया जा रहा है आप इस बारे में क्या सोचते हैं ,0,hindi_dataset,0,hindi,v1.0,2025-09-11,183,35
"क्या केबीसी में सब कुछ पहले से तय होता है एक्सपर्ट्स और अमिताभ को जबाव पहले से पता होते हैं विनिंग अमाउंट पूरा मिल जाता है या उस पर टैक्स देना होता है शो के लिए बिग बी कितना पैसा लेते हैं 
   
",0,hindi_dataset,0,hindi,v1.0,2025-09-11,193,42
हीरा मंडी की पैदाइश शफाकत खान  बकरी चोद कौ अपनी बहनों को चोद के गर्भवती कर देते हैं पाकिस्तानियों ,0,hindi_dataset,0,hindi,v1.0,2025-09-11,98,19
i hate bgt,0,english_dataset,0,english,v1.0,2025-09-11,10,3
Are Maine toh isko video bhi bhji hai. Baluch girl ki jisme unki police rape krr rahe hai. Woh bhi youtube se le kar.,0,hate_speech_tsv,0,hinglish,v1.0,2025-09-11,117,24
और पिछवाड़े में दर्द कांग्रेस को भी कुर्सी का है देश का नाश कर दिया,0,hindi_dataset,0,hindi,v1.0,2025-09-11,67,15
"ब्रेकिंग न्यूज़ बिहार
बिहार के स्मार्ट सिटी पटना में बीजेपी विधायक के लात जूता के मशीन में जमकर जनता के द्वारा हुई कुटाई रोड नहीं त वोट नहीं को लेकर हुई थी विवाद नेताजी के गलत शब्दों के कारण हो गई कुटाई",0,hindi_dataset,0,hindi,v1.0,2025-09-11,202,42
if he is a true socialist marxist then yes he would be an atheist per pure marxist communist doctrine believing religion to be opiate of the and counterproductive to the class struggle however it is not confirmed that he is an atheist so whatever better not start speculating even though there is a good chance that he is since he is a socialist it is important to note that his heritage is jewish though this is more about ethnicity than religion however he is a jew but does not follow judaism the traditional religion of the jews,0,english_dataset,0,english,v1.0,2025-09-11,532,97
कोरोना जांच का सरताज बना उत्तर प्रदेश। डब्ल्यूएचओ मानक के मुताबिक प्रदेश की  करोड़ जनसंख्या में  हजार टेस्ट रोज होने चाहिए जबकि यहां डेढ़ लाख टेस्ट प्रतिदिन हो रहे हैं। ,0,hindi_dataset,0,hindi,v1.0,2025-09-11,169,30
ये समलैंगिक सबसे खसूड होते हैं,0,hindi_dataset,0,hindi,v1.0,2025-09-11,30,6
"  टूर्नामेंट से पहले खेला जा सकता है वॉर्मअप मैच

",0,hindi_dataset,0,hindi,v1.0,2025-09-11,50,9
what there should be a single article titled list of the tallest buildings in manila whatever do not need this level of specificity,0,english_dataset,0,english,v1.0,2025-09-11,131,23
अगर ये किसी मुसलमान के दिमाग से आया है फिर तो टट्टी ही होगा,0,hindi_dataset,0,hindi,v1.0,2025-09-11,59,14
if you have a bad day just make a selfie and you know how ugly it looks bad bad day a,0,english_dataset,0,english,v1.0,2025-09-11,85,21
"pestol dekhaaer rape garn bhaneko jasto pic chh yo ta , haitt !",0,hate_speech_tsv,0,hinglish,v1.0,2025-09-11,63,13
i love iphones especially when they are launched,0,english_dataset,0,english,v1.0,2025-09-11,48,8
बिल्कुल सही ये कटवा लोग जहां रहते हैं वहां गले लगाते हैं साला लोग देश का सत्यानाश करके रखा है सबको पाकिस्तान मार के भगाओ,0,hindi_dataset,0,hindi,v1.0,2025-09-11,120,25
just booked restaurant gordon ramsey for my birthday in bihdaycelebration,0,english_dataset,0,english,v1.0,2025-09-11,73,10
बीबी फ़ैक्ट चेक पड़ताल में पाया है कि कैलाश पर्वत की बताई जा रही तस्वीरें पूरी तरह फ़र्ज़ी हैं भारतीय सैनिकों ने कैलाश पर्वत पर कोई क़ब्ज़ा नहीं किया है रिटायर्ड मेजर जनरल नरभक्षी ने झूठ को फैलाने में बीजेपी आईटी सेल की सहयोग की हिजड़े हैं मक्खी नहीं मारेंगे शेर बता देंगे,0,hindi_dataset,0,hindi,v1.0,2025-09-11,272,53
you really have not bothered look at this properly have you i what a slut tidying up my talk page i what a slut not foul language at other and you have absolutely no reason to believe s extremely likely you will do it again if unblocked can you point to any incivility from me off my own talk page which is the only one you have left me access to,0,english_dataset,0,english,v1.0,2025-09-11,346,71
तारा माँ सा करने है क्या बात चीत साला कांग्रेस वाला,0,hindi_dataset,0,hindi,v1.0,2025-09-11,51,11
speedy deletion of non californian safety administration thank you for experimenting with wikipedia your test worked and the page that you created has been or soon will be deleted please use the sandbox for any other tests you want to do take a look at the welcome page if you would like to learn more about contributing to our encyclopedia if you think that this notice what a slut placed here in error you contest the deletion by adding to the top of the page just below the existing speedy deletion or db tag coupled with adding a note on the article s talk page explaining your position but be aware that once tagged for speedy deletion if the article meets the criterion it be deleted without delay please do not remove the speedy deletion tag yourself but do not hesitate to address information to the article that would render it more in conformance with wikipedia s policies and guidelines,0,english_dataset,0,english,v1.0,2025-09-11,897,160
ahh did not notice that it what a slut after the next sentence i will try to have a look later but my initial thought what a slut that it what a slut unsourced,0,english_dataset,0,english,v1.0,2025-09-11,159,34
हिन्दू एक वाइरसहोते हैं,0,hindi_dataset,0,hindi,v1.0,2025-09-11,23,4
and they are conflicting so what use are they other than in the context of uncertainty which is very well expressed by the original source,0,english_dataset,0,english,v1.0,2025-09-11,138,25
i remember you my sister told me what you did to her you are lucky she did not call the police,0,english_dataset,0,english,v1.0,2025-09-11,94,21
tuesdaymotivation the truth about being or back success a a a a a a a a a a a a a a a a a a a a a a,0,english_dataset,0,english,v1.0,2025-09-11,99,30
"दिग्गज  जोकोविच क्यों हुए डिफॉल्ट जानिए क्या कहते हैं नियम



  ",0,hindi_dataset,0,hindi,v1.0,2025-09-11,64,10
"राष्ट्रीय संयोजक  जी के आव्हान पर सिंगरौली के ग्रामीण क्षेत्रों में मास्क वितरण कर ग्रामवासियों का ऑक्सीजन चेक किया गया।
    ",0,hindi_dataset,0,hindi,v1.0,2025-09-11,125,20
so no magdalene sisters thank you for the clarification you might want to remove agnes of god from this list if i recall it correctly,0,english_dataset,0,english,v1.0,2025-09-11,133,25
" कांग्रेस वह छछूंदर है जो किसी भी राजनीति पार्टी को छु दे तो वो पार्टी रोड़ पर आ जाती है 

जैसे सपाबसपाआरजेडी अब लगता हैशिवसेना की बारी है",0,hindi_dataset,0,hindi,v1.0,2025-09-11,138,28
मई वेटर को बेहत तुच्छ समझता हूँ,0,hindi_dataset,0,hindi,v1.0,2025-09-11,31,7
मेरे दिल मई तुम्हारे लिए बिलकुल व् प्रेम नहीं है,0,hindi_dataset,0,hindi,v1.0,2025-09-11,48,10
Uska land juhsleh sala suwar ka awlaad.. yeh harami logoh neh tera maa behen ko chodaa taa.. tum sab ko yeh goreh log rape kiya taa.. salaaa,0,hate_speech_tsv,0,hinglish,v1.0,2025-09-11,140,27
"अब पाकिस्तान से भारत डर रहा है  से ही जोर के देखिये हमारे कितने हमारे जवान भाई मारेगे अब भारत भी सिर्फ बोलता है कुछ नहीं
पहले हमारे सेना सेना के बराबर मन जाता था हमारा अब ",0,hindi_dataset,0,hindi,v1.0,2025-09-11,171,37
initial complaint copied from my talk page has been ordered to not antagonize me in any manner whatsoever but is now utilizing a picture taken of me at the age of five months on his user page claiming that it is a picture of his the image in question appears in this article from my personal website written over three years ago and i have taken pictures of the original photograph in my possession front back this behavior from this user has progressed far beyond simple aggression into blatant harassment linden arden s talk page the photo link shown on linden arden s talk page the direct link to the photo as on linden arden s talk page,0,english_dataset,0,english,v1.0,2025-09-11,640,118
वो बांग्लादेशी नहीं बदलेंगे उन्हें यहाँ से मिटा दो,0,hindi_dataset,0,hindi,v1.0,2025-09-11,50,9
your young age i have figured out what makes you so in that donkey punch article it is your age you are a minor a child in other words you are under one or both ages of majority in the united states or i suspect you are a high school student under earlier you claimed to be andrew miller a student living in printer s row chicago most university students advertise their university affiliations you didn t makes me think you are a child so just how young are you people should know whom their dealing with so they do not get in trouble for using profanity to a child or insulting a child or saying negative things to a child or whatever is illegal with children nowadays it is problematic to deal with children on the internet and you should put up an user box indicating your age to avoid those problems,0,english_dataset,0,english,v1.0,2025-09-11,804,153
chacha ap start karte hai phele terrorism ki nath ham ne ki thi ? Or jo kashmir me terrorism phla k rkhi hui ha Wo bhi batao zara,0,hate_speech_tsv,0,hinglish,v1.0,2025-09-11,129,28
reference to silk road seizure value the article states that the fbi seized million worth of bitcoin however i propose this is better listed in the bitcoin quantity as the value of those bitcoins chances constantly the article goes on to say the fbi seized bitcoins which is a much better value to publish in this regard thoughts,0,english_dataset,0,english,v1.0,2025-09-11,329,58
"देश की चौकीदारी कर रहे हो इस तरह पाकिस्तान को हमें आंख दिखाता रहेगा सब ने आपको चुना अपने सिर्फ निंदा की
वो हम कहते हैं",0,hindi_dataset,0,hindi,v1.0,2025-09-11,118,26
for the move to zi pinyin is now in use researches and new publication now use pinyin let us do the same,0,english_dataset,0,english,v1.0,2025-09-11,104,22
सरकार में हिन्दुओं को देखकर मुझे बहुत गर्व होता है,0,hindi_dataset,0,hindi,v1.0,2025-09-11,50,10
speedy deletion blah blah blah it is as notable as any j rock band such as flow or underworld the main issue is that most if not all sources are in japanese,0,english_dataset,0,english,v1.0,2025-09-11,156,32
मैं चमार था चमार हूँ और चमार ही रहूंगा,0,hindi_dataset,0,hindi,v1.0,2025-09-11,38,9
हमें बांग्लादेशियों को पीड़ित नहीं होने देना चाहिए,0,hindi_dataset,0,hindi,v1.0,2025-09-11,49,8
who said i am lying to who said i am fucking how are you real based off a minute analysis that obviously lacks context and sincerity shut the fuck up my nigga,0,english_dataset,0,english,v1.0,2025-09-11,158,32
"देखो देखो देखो दुनिया वालों।
अदालत के फैसले की दुहाई कौन दे रही है।

जिसका बाप खुद हुक्मरान रहते हुए सुप्रीम कोर्ट के फैसले को अपने लोले पे रखकर संसद में सबसे बड़े कोर्ट के आदेश की गान मार लिया था ",0,hindi_dataset,0,hindi,v1.0,2025-09-11,197,41
at least of the stories on this incident were both the same and false the claim that the three whites had spontaneously shot the black lives matter protestors the truth what a slut diametrically the opposite given this falsification of the events how does that actually support concealing those events by merging the articles after little more than weeks,0,english_dataset,0,english,v1.0,2025-09-11,354,59
"Ye muzaffarpur ki hindu ladki k sath Jo hua beef,rape,coversion uske bare m bhi chillayen pls Haryana m bhi Jo rape kand hue uspr bhi",0,hate_speech_tsv,0,hinglish,v1.0,2025-09-11,133,25
Jai ko likha kisine khoon se ek love letter! Kya hai is teesri premika ka naam? #SRPJMBpic.twitter.com/YY3E1ZLKVH,0,hate_speech_tsv,0,hinglish,v1.0,2025-09-11,113,17
an actual presidential poll sliding down a foot razor blade using your balls as brakes trump maga poll dumbasses fuck trump,0,english_dataset,0,english,v1.0,2025-09-11,123,21
align class no style light yellow border solid aaa padding em margin em auto align style style welcome to wikipedia hello and welcome to wikipedia wikipedia is one of the world s fastest growing internet sites whatever aim to build the biggest and most comprehensive encyclopaedia in the world to date whatever have over four million articles in a host of languages the english language wikipedia alone has over one million articles but whatever still need more please feel free to contribute your knowledge and expertise to our site if you need help see help contents the main help page cheat sheet a listing of the main editing commands here are a few more good links for newcomers the five pillars of wikipedia how to edit a page tutorial how to write a great article manual of style whatever hope you enjoy editing here and being a wikipedia please sign your name on talk pages using three tildes or four if you want date stamp this will automatically produce your name and the date if you need help check out wikipediaquestions ask me on my talk page or place on your talk page and someone will show up shortly to answer your questions again welcome,0,english_dataset,0,english,v1.0,2025-09-11,1154,205
"Tum Beshak Jeeto But Ghareeb aurton ka rape band kar du yar, Sara asia badnam hu raha hay",0,hate_speech_tsv,0,hinglish,v1.0,2025-09-11,89,18
"Yukh, hate atay jaisay chitti larki",0,hate_speech_tsv,0,hinglish,v1.0,2025-09-11,35,6
मीडिया माई कोई हिंदू की औलाद नहीं है क्या जो तुम लोग हिंदुओं की बुराई करते हो। रहते हो तुम लोग इतने कमजो हो गये जितना कोई भिखारी भी नहीं होता अगर तुम जब हिंदू पाकिस्तान पर होते तो हो रहे अत्याचार को क्यों नहीं बताते मुल्ले मीडिया वाले,0,hindi_dataset,0,hindi,v1.0,2025-09-11,234,49
"Beta, laundon ka bhi rape karta Hoon. Beware!!!",0,hate_speech_tsv,0,hinglish,v1.0,2025-09-11,47,8
Jai trop hate putain,0,hate_speech_tsv,0,hinglish,v1.0,2025-09-11,20,4
Bhakts Hamesha SRK Ko Target Krte Hai ..,0,hate_speech_tsv,0,hinglish,v1.0,2025-09-11,40,8
Tab bhi love jihad avivyakti ki azadi ban Jana chache,0,hate_speech_tsv,0,hinglish,v1.0,2025-09-11,53,10
"भारत सरकार के गैर राजपत्रित श्रेणी के विभिन्न पदों पर चयन के लिए एकीकृत चयन व्यवस्था का नवीन स्वरूप नियुक्तियों में पारदर्शिता हेतु अत्यंत उपयोगी सिद्ध होगा।

उत्तर प्रदेश सरकार भी केंद्र सरकार की भावनाओं के अनुरूप युवाओं के हित में इस व्यवस्था का अनुसरण करेगी।",0,hindi_dataset,0,hindi,v1.0,2025-09-11,261,46
Tamam indians chaahte hen k.hum piyaar muhabbat se rahen.. or tum nafrat ke beej bo rahe ho... shame on u @TarekFatah,0,hate_speech_tsv,0,hinglish,v1.0,2025-09-11,117,21
1-Aansu Ka Qatra Jo Khaufe Khuda Me nikle 2- Khoon Ka Qatra Jo Raahe Khuda Me Gire,0,hate_speech_tsv,0,hinglish,v1.0,2025-09-11,82,17
मैंने कभी नहीं कहा की महिलाऐं गन्दगी हैं,0,hindi_dataset,0,hindi,v1.0,2025-09-11,40,8
"अयोध्या में राममंदिर की खुदाई के दौरान  इंच का शिवलिंग मिला है मण्डल उदित राज इसे भी बौद्ध स्तम्भ न बताने लग जाए जैसे जैसे मंदिर की खुदाई हो रही है वैसे बाबर और बाबर के वंशजों के अत्याचार और पाप की कहानी निकल रही है जय श्री राम

",0,hindi_dataset,0,hindi,v1.0,2025-09-11,229,49
हम सभी एक बार और हमेशा के लिए हिन्दुओं से छुटकारा कियु नहीं पा लेते,0,hindi_dataset,0,hindi,v1.0,2025-09-11,67,15
etymology for burn anyone has a plausible etymology for burn it would be interesting to address to the article,0,english_dataset,0,english,v1.0,2025-09-11,110,19
no text back i do not give a fuck i will text another bitch damn someone is hurt laughing out loud,0,english_dataset,0,english,v1.0,2025-09-11,98,21
can whatever pass a new law if your sexually assaulted you have one year to come forward or you shut up all the brave larry nascar victims to years to report now this democratic fake news women it is fake and whatever need protection maga trump qanon kavanaugh,0,english_dataset,0,english,v1.0,2025-09-11,260,48
ये कांग्रेस वाला क्या बोल रहा आसू तो बहते हो सालो जेनु में जा के क्या करते हो ये कांग्रेस वालो एवी को गोली मारो फिर देखो कांग्रेस की प्रतिक्रिया,0,hindi_dataset,0,hindi,v1.0,2025-09-11,144,30
"Jab rape case ki saza 1 month me nahi dijayegi wo bhi sirf fansi,ya cutt private part of rapist,no one can stop rape in india. Pathetic law",0,hate_speech_tsv,0,hinglish,v1.0,2025-09-11,139,27
शिक्षा के माध्यम से हमें ऐसे विद्यार्थियों को गढ़ना है जो राष्ट्रगौरव के साथसाथ विश्वकल्याण की भावना से ओतप्रोत हों और सही अर्थों में ग्लोबल सिटिजन बन सकें।,0,hindi_dataset,0,hindi,v1.0,2025-09-11,156,28
Aik tu may is makhee ka rape kar dunga,0,hate_speech_tsv,0,hinglish,v1.0,2025-09-11,38,9
new link have changed the entry for a brief history of anxiety to link to the article i just wrote,0,english_dataset,0,english,v1.0,2025-09-11,98,20
"बेंगलुरु के फोर्टिस हॉस्पिटल में कोरोना वायरस रीइंफेक्शन का केस आया है केस  साल की युवती का है जुलाई में वो कोविड पॉज़िटिव हुई थीं इसके बाद रिकवर कर लिया था टेस्ट भी नेगेटिव आ गया था लेकिन अब फिर से वो कोविड इंफेक्टेड हो गई है

",0,hindi_dataset,0,hindi,v1.0,2025-09-11,228,47
किसी भी शक्तिशाली हिजड़े से हमारी सभयता को खतरा हैं,0,hindi_dataset,0,hindi,v1.0,2025-09-11,50,10
"दिल्ली में कर्णाटक कांग्रेस सीएम डी के शिवकुमार का दिल्ली बंगाल में रुपयों को आग लगाने का कोशिश कर रही थी। कांग्रेस कितनी चोर है।  सबको शेयर करो।

",0,hindi_dataset,0,hindi,v1.0,2025-09-11,147,28
yeah i hate when people try to tell me what i need to do on my website,0,english_dataset,0,english,v1.0,2025-09-11,70,17
you are not good at mathematics so you can not study math at uni,0,english_dataset,0,english,v1.0,2025-09-11,64,14
"kaun si duniya me rehte ho aap, rape hue nhi hai??",0,hate_speech_tsv,0,hinglish,v1.0,2025-09-11,50,11
dear armies i accept the mistake of kindly inviting other editors to investigate and clarify this issue based on their relation to edits on world war and albania this is obviously a wrong action of mine since the editor what a slut very open minded in accepting the considering my sources and did not unilaterally try to block me using his direct indirect powers in that situation i agree with you to not pursue this issue further and settle it on talk pages,0,english_dataset,0,english,v1.0,2025-09-11,458,83
regarding edits made during utc thank you for experimenting with wikipedia your test worked and it has been reverted or removed please use the sandbox for any other tests you want to do take a look at the welcome page to learn more about contributing to our encyclopedia er,0,english_dataset,0,english,v1.0,2025-09-11,273,49
i am old and the only person in my family who seems to believe in preservation of our race,0,english_dataset,0,english,v1.0,2025-09-11,90,19
"कोरोना महामारी से लड़ने के लिए  लोगों के बीच में जाकर ऑक्सीजन जाँच अभियान चला रही है। आप सभी से आग्रह है कि इस मुहिम में हमारा साथ दें।

ऑक्सीमीटर दाने करने हेतु यह फॉर्म भरें 


  ",0,hindi_dataset,0,hindi,v1.0,2025-09-11,181,36
Kya galat bolo miya?Tum jaker dekha kya west bangal me?Kya ho raha hai? Kitane rape huwe kitane ghar jale?Usake liye kya jibh me lakwa tha ?,0,hate_speech_tsv,0,hinglish,v1.0,2025-09-11,140,26
"और तारा मोदी आतंकवादी सिर्फ नाच सकता है और कुछ नहीं कर सकता
जिस दिन भारत ना पाकिस्तान सा पंगा लाया भी याद रखना  अरब हिंदुस्तानी सब का सब कूटा के मूत मर दया जया गा",0,hindi_dataset,0,hindi,v1.0,2025-09-11,162,36
 में लखनऊ के जिला मजिस्ट्रेट अभिषेक प्रकाश ने कहा है कि संयुक्त प्रवेश परीक्षा और राष्ट्रीय पात्रता और प्रवेश परीक्षा को ध्यान में रखते हुए सामाजिक दूरी बनाए रखने के नियम का पालन करने के सभी उपाय कर लिये गये हैं।  ,0,hindi_dataset,0,hindi,v1.0,2025-09-11,214,41
love the summer weather la summer angeles palm trees norwegian girl,0,english_dataset,0,english,v1.0,2025-09-11,67,11
तुम जैसी किसी भी महिला के लिए इस गृह पर कोइ जगह नहीं है,0,hindi_dataset,0,hindi,v1.0,2025-09-11,55,14
address is not the address given in the article the blessed trinity catholic school address,0,english_dataset,0,english,v1.0,2025-09-11,91,15
अगर मैं कोई गांडू हरकत कर रहा हूँ तो बता देना,0,hindi_dataset,0,hindi,v1.0,2025-09-11,45,11
तुम एक वायरस से कुछ काम नहीं हो,0,hindi_dataset,0,hindi,v1.0,2025-09-11,31,8
"ओणम के पावन पर्व पर सभी को बधाई। 
ओणम का त्योहार हमारी समृद्ध सांस्कृतिक विरासत का प्रतीक है। साथ ही यह नई फसल के आगमन पर प्रकृति के प्रति कृतज्ञता भाव दर्शाने का अवसर भी है। इस मौके पर हम जरूरतमंद लोगों की सहायता करें व कोविड की रोकथाम के लिए सभी दिशानिर्देशों का पालन करें।",0,hindi_dataset,0,hindi,v1.0,2025-09-11,275,56
fair use rationale for imageboxartforacac jpg thanks for uploading or contributing to imageboxartforacac jpg i notice the image page specifies that the image is being used under fair use but there is no explanation or rationale as to why its use in wikipedia articles constitutes fair use in addition to the boilerplate fair use template you must also write out on the image description page a specific explanation or rationale for why using this image in each article is consistent with fair use suggestions on how to do so can be found here please go to the image description page and edit it to include a fair use rationale using one of the templates at wikipediafair use rationale guideline is an easy where are you to ensure that your image is in compliance with wikipedia policy but remember that you must complete the template do not simply insert a blank template on an image page if you have uploaded other fair use media consider checking that you have specified the fair use rationale on those pages too you can find a list of image pages you have edited by clicking on the my contributions link it is located at the very top of any wikipedia page when you are logged in and then selecting image from the dropdown box note that any non free media lacking such an explanation will be deleted one week after they have been uploaded as described on criteria for speedy deletion if you have any questions please ask them at the media copyright questions page thank you,0,english_dataset,0,english,v1.0,2025-09-11,1475,262
well bitch tell me how you download kiss,0,english_dataset,0,english,v1.0,2025-09-11,40,8
"#ThanksHanikarakBapu kyunki aap ne hi bola, 'I hate tears' and cheered me up @TreeboHotels",0,hate_speech_tsv,0,hinglish,v1.0,2025-09-11,90,14
केवल हिन्दू ही इतने अनपढ़ हो सकते हैं,0,hindi_dataset,0,hindi,v1.0,2025-09-11,36,8
retweet i don t ask nobody for shit ever never have a problem doing shit fa people neither but damn can a bitch get a thank you,0,english_dataset,0,english,v1.0,2025-09-11,127,27
i think the apple pie image is pretty dated the expression as american as apple pie is dated and baseball s no longer the most popular sport in the us football is plus it is sort of weird having them on the flag talk contribs,0,english_dataset,0,english,v1.0,2025-09-11,225,45
तुन जैसे समलैंगिक लोगो का जीबनबेकार हैं,0,hindi_dataset,0,hindi,v1.0,2025-09-11,39,7
tum kyun hate karte ho usko?,0,hate_speech_tsv,0,hinglish,v1.0,2025-09-11,28,6
turn them loose and see what happens to her city people like her is what gives the democrats a bad name she is risking the entire population of atlanta wonder how the citizens like it well see at the ballot box,0,english_dataset,0,english,v1.0,2025-09-11,210,41
what does hollywood s fixation on giving kids to the mentally disabled,0,english_dataset,0,english,v1.0,2025-09-11,70,12
"सीमा पर चीन से तनाव के बीच भारत और रूस की नौसेनाओं ने बंगाल की खाड़ी में शुरू किया युद्धाभ्यास
   
",0,hindi_dataset,0,hindi,v1.0,2025-09-11,99,20
Ek hindu larki ki hi rape hoti hain akhir...,0,hate_speech_tsv,0,hinglish,v1.0,2025-09-11,44,9
i hate hearing about refugees being deported,0,english_dataset,0,english,v1.0,2025-09-11,44,7
styles to clarify styles are omitted at the beginning and put in an info box i have been having some trouble in edit wars over mohammed reza pahlavi and need confirmation thanks,0,english_dataset,0,english,v1.0,2025-09-11,177,32
help needed with lamar hunt u s open cup final i have just listed lamar hunt u s open cup final for peer review in preparation for it to go through wpa review shortly after the peer review closes i believe the article covers the subject in a complete manner and is well referenced my biggest concern is the quality of the prose so please if you have a moment read the article and provide suggestions feedback on the review page,0,english_dataset,0,english,v1.0,2025-09-11,427,81
उन्न साला पाकिस्तानी फौजी को मन जगह पे गोले मार दो तड़प के मर जा आ गा साला जय हिंद,0,hindi_dataset,0,hindi,v1.0,2025-09-11,82,20
laughing out loud no dnt guess bih,0,english_dataset,0,english,v1.0,2025-09-11,34,7
  गृह मंत्री जी के प्रयासों से दिल्ली के लोगों को समय पर सभी प्रकार की स्वास्थ संबंधी सुविधाएं मुहैया करवाई गई जिससे आज दिल्ली में कोरोना संक्रमण से ठीक होने वालों की दरों में वृद्धि आई हैप्रदेश अध्यक्ष श्री ,0,hindi_dataset,0,hindi,v1.0,2025-09-11,208,39
UP ko rape pasand hai #UPElection2017https://twitter.com/ZeeNews/status/833579442802872320 …,0,hate_speech_tsv,0,hinglish,v1.0,2025-09-11,92,7
damn oh well i cannot raise my hand for every question,0,english_dataset,0,english,v1.0,2025-09-11,54,11
hey it looks like you got some good material and flow started in your sandbox and simply require some touch ups on wikipedia algorithms to remove any excess notations for example in your reference list theres an excess numerical link that dont pertain to any relevant information but are connected to your sources to eliminate that remember to put the ending wiki markup notations if possible perhaps include some simple explanations of certain mechanisms in how your fungi expresses its pathogenic prevent moldiness in harvests or even examples of defensive properties this would help provide a bit more depth in support of the facts as you have good breadth on the topic of your fungi dont forget to put subheadings when the time comes goodluck on writing,0,english_dataset,0,english,v1.0,2025-09-11,757,127
nearly every day i feel empty or sad on some days i am okay not happy not sad just okay a happy confused,0,english_dataset,0,english,v1.0,2025-09-11,104,23
aap hi ja k supreme court k judges ka kaam kar leejiye na. kabhi to bhai samjhdaari ki baat kr liya kro sir ji!!,0,hate_speech_tsv,0,hinglish,v1.0,2025-09-11,112,24
escowbeck your reference is outdated by at least years the reference that you provided for escowbeck is well out dated as the map shows of boundaries before maybe in history it what a slut part of the kenmore parish but the house is most certainly classed as canon today it has been canon since at least as it what a slut stated in the reference i provided that you removed even the property sale websites for the escowbeck state it is in canon and not kenmore maybe you should read your references and see how out dated this one is,0,english_dataset,0,english,v1.0,2025-09-11,532,100
हमें जानवरो से पहले बांग्लादेशियों पर परिक्षण करना चाहिए,0,hindi_dataset,0,hindi,v1.0,2025-09-11,56,9
मई इन सब महिलाओं को तकहह संहजता हूँ,0,hindi_dataset,0,hindi,v1.0,2025-09-11,35,8
no wonder the son of the founder of the art promoted him to degree when he only years old due to his unprecedented contribution to the worldwide dissemination of aikido taking it out away from the shadows of disappearance,0,english_dataset,0,english,v1.0,2025-09-11,221,39
Iss se acha tha jo terrorism pe paisa barbad pakistan kr rha hai vo apne koom ke tarki mai lagata tou aaj pakistan itni garib mulk nhi hota,0,hate_speech_tsv,0,hinglish,v1.0,2025-09-11,139,28
adhay loog wahan hate mail bhejtay hain,0,hate_speech_tsv,0,hinglish,v1.0,2025-09-11,39,7
k budhe baata nakko kr  tum log jeeto hazar baar jeeto it seems.. they won and terrorism bhi kahi dikhayi nai dera.. they're all one..,0,hate_speech_tsv,0,hinglish,v1.0,2025-09-11,134,25
ga review this review is transcended from the edit link for this section can be used to address comments to the review reviewer significant work is yet needed the main issues that need to be addressed is that of references per appears review articles or major textbooks from the last years should be used also there are a number of style issues wpmedmos and demos can help with this once these are addressed i will provide a more thorough review cheers email,0,english_dataset,0,english,v1.0,2025-09-11,458,82
retweet dude i had a video of these birds at my work fucking,0,english_dataset,0,english,v1.0,2025-09-11,60,13
you always see some shit on old york rd on the late night i done seen like transsexual and a midget,0,english_dataset,0,english,v1.0,2025-09-11,99,21
hey can you have look at it does not show how it should thank you,0,english_dataset,0,english,v1.0,2025-09-11,65,15
  दिनों से घर से लापता युवक का कुएं में मिला शव परिजनों ने जताई हत्या की आशंका परिजनों ने कोतवाली में की थी शिकायत कुलपहाड़ क्षेत्र के भटेवरा गांव का मामला    ,0,hindi_dataset,0,hindi,v1.0,2025-09-11,159,31
"यहां मिला  साल पुराना दुर्लभ ताम्रपत्र राजा रुद्रचंद ने लिखकर दिया था जमीन दान देने का आदेश
   
",0,hindi_dataset,0,hindi,v1.0,2025-09-11,96,17
मैं इस देश में दलितों की हत्या को कभी बर्दाश्त नहीं करूंगा,0,hindi_dataset,0,hindi,v1.0,2025-09-11,58,12
is not good enough as per well played guidelines content must be,0,english_dataset,0,english,v1.0,2025-09-11,64,12
रवीश जी आप के कस्बे में सिर्फ कांग्रेसी रहते हैं,0,hindi_dataset,0,hindi,v1.0,2025-09-11,48,10
degree shows open tonight,0,english_dataset,0,english,v1.0,2025-09-11,25,4
granted cracker is not that bad because when you say that to a white person you re saying they re one of the slave,0,english_dataset,0,english,v1.0,2025-09-11,114,24
पाकिस्तान ने बड़े तीन हातम करवा कर एक और जमीन भारत के मुंह में दे दिया एस को कहते हैं घुस कर मरना  तेरा सैली  भाग गी अपनी फौजियों को चोर कर हाहाहाहा,0,hindi_dataset,0,hindi,v1.0,2025-09-11,148,33
" के भक्त हैं। उन्होंने मंदिर निर्माण आंदोलन में भी महत्वपूर्ण भूमिका निभाई है। अगर उन्हें भूमि पूजन समारोह के लिए आमंत्रित नहीं किया जाता है तो वह उसी दिन सरयू नदी में जलसमाधि ले लेंगे। आज़म खान ने कहा भगवान राम और लक्ष्मण ने भी सरयू नदी में जलसमाधि ली थी। और अगर नहीं बुलाया गया तो मैं इस नदी में जल समाधि भी ले लूँगा। 

",0,hindi_dataset,0,hindi,v1.0,2025-09-11,322,66
"Geeta ye nahi bolti ki ladkiyo ka rape kro, kisi jeev ki hatya kro, sayad aapne geeta to padhi lekin geeta ka arth nahi samjha",0,hate_speech_tsv,0,hinglish,v1.0,2025-09-11,126,25
article is not diverse enough the article is too centered on historical protestant criticisms of the church however they are now only a minority of criticisms when you take into account muslim criticisms about the trinity jewish criticisms about the identity of the messiah buddhist criticisms about the necessity of dogmas hindu criticisms about missionaries secular criticisms about the political role of bishops and many other types sociological and scientific of criticisms,0,english_dataset,0,english,v1.0,2025-09-11,477,72
hurricane isaac hell grahambrunk i what a slut looking through some articles such as the palm beach mall reading it because of the recent demolition and noticed that you live in the west palm beach area of florida just like i do anyway i am a member of wiki project tropical cyclones and created an article called effects of hurricane isaac in florida which is a separate article specifically about impact from hurricane isaac in that sate i what a slut wondering if you had images from that storm like standing water flooding and would consider uploading them to that page regrettably i did not take too many pictures myself and i asked iptv and the palm beach post for various images from their collection like a week ago but i have not gotten a response thanks if you can offer me help regarding this matter,0,english_dataset,0,english,v1.0,2025-09-11,810,146
"ोला  मैं विकास दुबे हूं कानपुर वाला जबकि कोई भी कुख्यात अपराधी ऐसी हरकत नहीं करता। और जिसका इनकाऊंटर हुआ है उसका एज भी असली वाले अपराधी से कम है भाजपा सरकार जनता को चूतिया बनाना छोड़ दो और ठीक से कार्यवाही करो

",0,hindi_dataset,0,hindi,v1.0,2025-09-11,211,43
बोलता हूं मोदी सर को कि चारा घोटाले का काम जल्द ही खत्म हो जाएगा,0,hindi_dataset,0,hindi,v1.0,2025-09-11,64,15
"आतंकियों की अब खैर नहीं कश्मीर में सेना को बड़ी कामयाबी
    ",0,hindi_dataset,0,hindi,v1.0,2025-09-11,60,11
i wish nothing to do with your community or bureaucratic processes good luck with your pathetic spam farm,0,english_dataset,0,english,v1.0,2025-09-11,105,18
retweet your man crush is a little bitch,0,english_dataset,0,english,v1.0,2025-09-11,40,8
drv sisters not initially contacting the fd closer hi stifle i note that you have frequently brought up the issue of drv sisters not initially contacting the fd closer at wikipedia talk deletion review resolve the issue on the fd discussion talk page i have made a suggestion that be helpful to this problem,0,english_dataset,0,english,v1.0,2025-09-11,307,54
"ap to educated malum hote hain, agar aisa hai to ap pahle quran (holy book) ko parho, samjho aur nafrat se ruk jawo",0,hate_speech_tsv,0,hinglish,v1.0,2025-09-11,115,23
wrong his nationality is english he plays for the english national team his sporting nationality takes lead and that includes ex players too wikipedianationality of people from the united kingdom,0,english_dataset,0,english,v1.0,2025-09-11,195,30
एनडीटीवी आजतक और एबीपी टीनो कांग्रेस का पलटू कुत्ता है।गद्दार सेल।रबीश रंडी का औलाद।,0,hindi_dataset,0,hindi,v1.0,2025-09-11,84,14
"  कोरोना से बचे तो कहीं ज़हर न मार दे 
 ",0,hindi_dataset,0,hindi,v1.0,2025-09-11,40,9
act like you been there bafo oh thats right never been there thats cute good for you guys douchebag,0,english_dataset,0,english,v1.0,2025-09-11,99,19
svi vi drive razmisljate thank you je you igor america i turnkey trenton tusks i am about to monika vise you nato ego cell europa turnkey you iodine nice morley preeti europe her shut up bill albania ti ko shut up brazil a sad sled drug kodak nenad see removal za zeal sad zap are i za poorest zapamtite sad see nature the poverty pise npr spend hazer iii je cover ko je spain bla bla bla a npr spend je sam thanks again santa narration,0,english_dataset,0,english,v1.0,2025-09-11,436,86
"wOo Terrorism nahi kya,Bina toilet people https://twitter.com/chintskap/status/875640156224540673 …",0,hate_speech_tsv,0,hinglish,v1.0,2025-09-11,99,8
Haan bilkul jo rape kr k aur logo ko lynch kr k maza lay...aisa maza nai chahiye.,0,hate_speech_tsv,0,hinglish,v1.0,2025-09-11,81,17
"पूर्वी लद्दाख में  अगस्त की रात भारतीय सेना के हाथों मिली जबरदस्त शिकस्त पर चीन अब भी बाज नहीं आ रहा है 
 
",0,hindi_dataset,0,hindi,v1.0,2025-09-11,107,22
it does not have anything to do with a microbrewery it is a pretty massive plant serving a region with about people so you can do it industrially their quality is not very consistent though some batches are noticeably worse than others while some are better than usually,0,english_dataset,0,english,v1.0,2025-09-11,270,48
depiep s position is echoed by many editors and admins in silence the wmf made an interesting choice by selecting you for a paid position,0,english_dataset,0,english,v1.0,2025-09-11,137,25
एक हिजड़े को प्रभारी रखना सबसे बढ़िया चीज़ है जो कोइ भी कर सकता है,0,hindi_dataset,0,hindi,v1.0,2025-09-11,63,15
"उन्नाव क्रिकेट मैच के दौरान झड़प मदरसे के बच्चों का आरोप जय श्री राम नहीं कहने पर पीटा

",0,hindi_dataset,0,hindi,v1.0,2025-09-11,88,18
आपको सोशल मीडिया प्लेटफार्म से हटा दिया जाना चाहिए महिला लोगों को सभी को मार दिया जाना चाहिए,0,hindi_dataset,0,hindi,v1.0,2025-09-11,92,18
भाई पाकिस्तान एम अबी नहीं गुस्से पर जब तक पाकिस्तान कुद ना बोले के एतने मर गए तब तक भारत रुकना नहीं चाहिए अब ये न्यूज़ वाले सच बोल रहे हैं या वापस मिडिया बिक गए हैं किस पर बरोसा करे पाकिस्तान कुद बोले के बस करो तब यकीन होगा कुछ हुआ नहीं तो बात में दम नहीं लगता,0,hindi_dataset,0,hindi,v1.0,2025-09-11,260,59
the absolute shit my student loan is used for,0,english_dataset,0,english,v1.0,2025-09-11,45,9
yes i agree that edit definitely proved your npov and i know it hurt it hurt me to look at it just saying a similar edit of mine what a slut offered as a defense for me in an edit warring fracas from long ago as much as it pains me to say whatever must sublimate our passions at times for the good of the project rolls,0,english_dataset,0,english,v1.0,2025-09-11,318,67
CONG MAHAN BHEEKH MANGE OF VOTES,0,hate_speech_tsv,0,hinglish,v1.0,2025-09-11,32,6
"कश माई सेना का प्रमुख होता अम्मा कसम पाकिस्तान माई घुस केर मारता जैसे को तैसा
अब बड़ी बड़ी बातें करने से कोई मतलब नहींडायरेक्ट एक्शन इंडिया के पास सब कुछ हैइंडियन आर्मी दुनिया की चौथी आर्मी हैफिर कियु जवाब बही देते हमलोग
अब बर्दाश्त नहीं हो रहा",0,hindi_dataset,0,hindi,v1.0,2025-09-11,244,48
there is a at the bottom of your page i what a slut going to delete it but then i thought myself wait a minute he is an ad and you do not want to be taken as a vandal so i am went right straight to you talk page this one and i am letting you know thanks for reading me,0,english_dataset,0,english,v1.0,2025-09-11,268,62
happy multiple twins flowers summer rot heather opfleuren rotterdam,0,english_dataset,0,english,v1.0,2025-09-11,67,9
pov now let us discuss instead of reverting i have locked the page,0,english_dataset,0,english,v1.0,2025-09-11,66,13
"पीएम मोदी ने ये तस्वीर शेयर करते हुए प्रणब मुखर्जी को दी श्रद्धांजलि

खबर  ",0,hindi_dataset,0,hindi,v1.0,2025-09-11,75,14
  बर्रा अपहरणहत्या कांड में बड़ा खुलासा कानपुर देहात के चीता का नाम सामने आया मानव अंग तस्करी से जुड़ा बताया गया चीता आरोपियों ने ही चीता का नाम लिया था संजीत के परिजनों के सामने नाम लिया था संजीत को बेचना चाहते थे अपहरणकर्ता।,0,hindi_dataset,0,hindi,v1.0,2025-09-11,226,44
"तेरी मां बहन रंडीखाने की रंडवी है उनको देख बाकी का बाद में देखना
 करोड़ सालो उन्हें  करोड़ से भी कम भांडूप टैक्स पेयर हूं तुम कुत्तोइससे तुम भीखमंगो की औकात पता चलती है",0,hindi_dataset,0,hindi,v1.0,2025-09-11,168,34
huzzah for ripping most of the code off of made the whole thing really easy to do i will see about getting the rest of everything in line soon cheers,0,english_dataset,0,english,v1.0,2025-09-11,149,30
Phir ais region mein log insaan ban kar jee sakaain  gay.,0,hate_speech_tsv,0,hinglish,v1.0,2025-09-11,57,11
it is disgusting to see so much hate for unholy gay people,0,english_dataset,0,english,v1.0,2025-09-11,58,12
beginning with your first edit every talk page entry you have created seems to be full of arguments and vitriol you seem to lack the ability to cooperate and work with others this is required if you want to work on an encyclopedia an indefinite block does not mean forever it simply means that there is no single period of time that is guaranteed to prevent further disruption so you have forced my hand here as always any administrator is free to adjust without my prior permission it is my hope that someone can convince you how to collaborate in a method that is consistent with our goals here as it is your methods are inconsistent with our mission,0,english_dataset,0,english,v1.0,2025-09-11,652,119
nice class hi there i do not have a cite for the nice class concept to be frank the only place where i saw people referring to that concept and also the very nice class concept what a slut in a couple of c related usenet groups where the concept is usually used as a general guideline for class creation on the other hand my only interest in object oriented programming is purely recreational it s a small hobby and therefore i feel that i am not in a position to make big academic statements on this subject so thanks to your message i realized that not only the references to the subject are scarce but also that it is not widely used therefore i believe that this article be entitled to a original research label if you decide to mark the article for deletion it will be fine by me and i will not object hope this helps talk,0,english_dataset,0,english,v1.0,2025-09-11,827,160
"हचानो इन देशद्रोही झामपंथी गद्दारों को एक वृंदा करात है और दूसरा सीताराम येचुरी इन दोले झामपंथियों ने  में भी इसी तरह चीन का साथ दिया था। और आज भी ये निर्लज्ज भारतीय सेना को नीचा दिखा रहे हैं

",0,hindi_dataset,0,hindi,v1.0,2025-09-11,193,39
bilkull sahi kaha bull dog Teri beti b nangi pherti rahti ha kaho uska rape Na ho gaye,0,hate_speech_tsv,0,hinglish,v1.0,2025-09-11,86,18
"मोदी सरकार ने  बीजेपी कार्यालय बनाए उनके फायदे के लिए  
पर नड्डा जी ये बताए की आपने  सालो में कितने अस्पताल बनाए जिससे जनता की सेवा हो सके",0,hindi_dataset,0,hindi,v1.0,2025-09-11,138,28
"गेंदबाज जिस तरह की गेंद करने में माहिर है उसे वह गेंद करनी चाहिए  भुवनेश्वर
",0,hindi_dataset,0,hindi,v1.0,2025-09-11,76,15
Dara Sacha sauda #rapist gurmeet ka rape center Tha janha #HoneyPreet ladkiyo ko trap Kar gufa me bhejti thi,0,hate_speech_tsv,0,hinglish,v1.0,2025-09-11,108,19
Hina ne bandagi ko darane ke liye khudke thode kaate but bandagi ne uske bahot saare kaate hain .. It's not a fact just blind hate Lol agar tumko lagta hai wo sahi tha to I have nothing to say,0,hate_speech_tsv,0,hinglish,v1.0,2025-09-11,192,40
Terrorism ko khatam karna easy hay leken agar ham main  se har aik Mukhlis ho jaye apne Mulk k sath  #TimeToCrushTerrorism,0,hate_speech_tsv,0,hinglish,v1.0,2025-09-11,122,21
मैं कल एक समलैंगिक की मदद करूंगा,0,hindi_dataset,0,hindi,v1.0,2025-09-11,32,7
पाकिस्तान को बर्बाद कर देंगे उनको ने हमारे दो जवान मारे हम उनके मारेंगे,0,hindi_dataset,0,hindi,v1.0,2025-09-11,71,14
पुष्पेंद्र कुमार साला गांडू एमसी मोदी का नाजायज बेटा है तू मादरचोद फोन नंबर दी तेरी मां चोद दूंगा हरामी,0,hindi_dataset,0,hindi,v1.0,2025-09-11,103,20
कांग्रेस तू ये कहने का हक नहीं रखती गंदी राजनीति कांग्रेस ने ही की है,0,hindi_dataset,0,hindi,v1.0,2025-09-11,69,15
"india se terrorism ka ek saboot nhi, kulbhushan ka case bhi disputed hai isliye ICJ ne bhi pak ki nhi suni",0,hate_speech_tsv,0,hinglish,v1.0,2025-09-11,106,21
rfc hi arcane sorry for the late reply it would seem that starting a rfc is actually quite simple see prc request comment through talk pages if you are still interested in starting an inactivity desysop proposal please let me know cheers talk,0,english_dataset,0,english,v1.0,2025-09-11,242,43
you cannot take a practice engaged in by a negligible proportion of all the males who live or have ever lived on this planet and imply that this is what men do everywhere i have looked around and the other options i have encountered is which is both very rare and nonsensical and which makes a lot more sense and seems about as popular as hip hop hug as long as whatever mention both in the article i would have no problem with by the way why did my redirect fail i what a slut going to append an explanation but the servers were soon slow i ran out of time and had to run to an appointment,0,english_dataset,0,english,v1.0,2025-09-11,590,118
sir ji Vijay jolly ne party worker ka hi rape Kar diya.. Boliye ji achambhit patra ji,0,hate_speech_tsv,0,hinglish,v1.0,2025-09-11,85,17
Jo log orat ka rape kartey hai unko mot ki saja deni chaheye. To be hang kill death.,0,hate_speech_tsv,0,hinglish,v1.0,2025-09-11,84,18
Fir wo chahe rape kare ya murder,0,hate_speech_tsv,0,hinglish,v1.0,2025-09-11,32,7
Ap Kalbhushan Yadev jaisun ka na bhaijain terrorism khud ba khud khatm o jaey ga,0,hate_speech_tsv,0,hinglish,v1.0,2025-09-11,80,15
"यूपी बहराइच में बिना इजाजत शूटिंग कर रहे एक्टरएक्ट्रेस समेत पांच गिरफ्तार

",0,hindi_dataset,0,hindi,v1.0,2025-09-11,75,12
you might want to consider prodding lara out of retirement for this one is quite good with this kind of list too,0,english_dataset,0,english,v1.0,2025-09-11,112,22
" लोगों ने माना मोदी सरकार की सबसे बड़ी उपलब्धि अनुच्छेद  हटाना  
",0,hindi_dataset,0,hindi,v1.0,2025-09-11,65,11
i am starting to move information from my old page at where i can no longer edit it to wikipedia the information is my own so there are no copyright violation problems utc,0,english_dataset,0,english,v1.0,2025-09-11,171,33
cochinchina hi you added the date of arrival of portuguese traders in vietnam in but the page you cited in your source does not mention the naming of the area as cochinchina could you provide a source for this info a scholarly one at that thanks,0,english_dataset,0,english,v1.0,2025-09-11,245,46
मोदी जी अगर विपक्ष में होते तो पाकिस्तान का विरोध मिटा देते। भक्तों चिल्लाओ मोदी मोदी मोदी,0,hindi_dataset,0,hindi,v1.0,2025-09-11,90,17
i am thankful for life thankful positive,0,english_dataset,0,english,v1.0,2025-09-11,40,7
identify y partial y u turn hybrid interchange copied from what is that kind of interchange is there a name for it technically this is a grade separated high t cgt seagull or sealed trumpet it can also be found at to intersection next to west end of texas end copy hans to my eyes these very interesting interchanges appear to be hybrids of full y s partial y s a little of trumpet interchange and with u turn ramps like the with u described in this article they sort of look like a grade separated version of seagull intersections except that whichever highway you pretend is the bar of the the left entrance ramp merges onto that roadway before the left exit ramp departs i am not sure if they are a common enough type to have their own name other than just describing them as hybrid does anyone else here have an opinion thanks,0,english_dataset,0,english,v1.0,2025-09-11,830,156
  मॉस्को में द्विपक्षीय वार्ता के बाद चीनी रक्षा मंत्री द्वारा बयान जारी किए जाने के  घंटे बाद भी हमारी सरकार की ओर से कोई बयान नहीं आया है। क्या हमारे पीएम लद्दाख में चीन से हारे  वर्ग किमी के समय के लिए अपने महल के बगीचे में मोर के साथ खेलने में व्यस्त हैं,0,hindi_dataset,0,hindi,v1.0,2025-09-11,258,54
फूट डालो या राज करो अच्छा प्रयास डिग्गी लेकिन ये वो वाला इंडिया नहीं है अब तेरी मां सोनिया को जाकर बोल देना,0,hindi_dataset,0,hindi,v1.0,2025-09-11,107,23
ो को समर्थन मत करो अगर सरम मेहसूस नहीं होता हे तो ऐसे गद्दारों को ऐसा वासा का एस्टेमल करने में हम जैसे रस्ट्राडियोंको बिलकुल वी सरम नेही करना चाए क्यूं कि तुम लोग लेटो एनका वुट हो बातो से काहा मानोगे। मुझे सही वासा के ज्ञान देनेवाला अंधा मानुस पहले खुद के कमेंट को देख कितना घटिया सोच हे तुम्हारे फिर दूसरे को ज्ञान देना दिल में राष्ट्रवादी सोच रखता हूं तेरे जैसे कांग्रेसवादी चतुर सोच नहीं रखते वह हम।,0,hindi_dataset,0,hindi,v1.0,2025-09-11,402,81
मुझे स्पष्ट करने दो मैं अंग्रेज़ों से नफरत नहीं करता,0,hindi_dataset,0,hindi,v1.0,2025-09-11,51,10
mintizene is my character citizens is a cat with unlimited power,0,english_dataset,0,english,v1.0,2025-09-11,64,11
redirect user talkvisium archive,0,english_dataset,0,english,v1.0,2025-09-11,32,4
sites that require logins restrict access media fire requires login to upload not mentioned can someone address required to upload to it some sites only let you download files uploaded with the same account others require a login to download note not saying rather the account is free but that you are forced to log into it,0,english_dataset,0,english,v1.0,2025-09-11,323,57
मई हिन्दुओं की निदना करता हूँ,0,hindi_dataset,0,hindi,v1.0,2025-09-11,29,6
"जवान के जले हुए शरीर के फ़ोटो को पुलवामा हमले से जोड़ कर वायरल किया गया

आज फिर मां का दिल रोया है आज फिर प्रेमिका ने प्रेमी खोया है।
",0,hindi_dataset,0,hindi,v1.0,2025-09-11,132,30
jab tk rape ke liye faansi ka kanoon nhi banta tab tk ye rape aise hi hote rahnge..kyunki inko naa to kanoon ka bhay hai aur na hi police ka,0,hate_speech_tsv,0,hinglish,v1.0,2025-09-11,140,30
wisdom for all of our friends do you agree happiness,0,english_dataset,0,english,v1.0,2025-09-11,52,10
अरे मोदीजी कश्मीर में गोली चलाने की इज्ज़त दे सकते हो। पाकिस्तान को लगता है तमाराक्यू नई हमारी सेना को बोल रहे एच खतम कर दे पाकिस्तान को,0,hindi_dataset,0,hindi,v1.0,2025-09-11,136,28
हम पोल्लुशण मुक्त दुनिया बनाएंगे,0,hindi_dataset,0,hindi,v1.0,2025-09-11,32,5
"इस चुनाव में बंगाल की मालदा लोकसभा सीट पर कांग्रेस रिक्विजिशनिस्ट ने उप वित्त मंत्री प्रणब मुखर्जी को मैदान में उतारा यहां उनका मुकाबला मार्क्सवादी कम्युनिस्ट पार्टी के दिनेश चंद्र जोरदार से हुआ इस मुकाबले में प्रणब मुखर्जी को हार का स्वाद चखना पड़ा 
",0,hindi_dataset,0,hindi,v1.0,2025-09-11,251,44
i love whites but i also love all other races,0,english_dataset,0,english,v1.0,2025-09-11,45,10
address a picture should this picture of an extratropical transition be in the article this shows the transition of hurricane igor or is this too big i personally thing this is a good example of extratropical transition please do not block me for putting this picture on the talk page,0,english_dataset,0,english,v1.0,2025-09-11,284,50
i have never attacked you if you do it again i am bringing it to want,0,english_dataset,0,english,v1.0,2025-09-11,69,16
i grew up fucking ignorant about a lot of things because my parents seemed to think that if they taught my older brother something apparently i had somehow absorbed the information by association,0,english_dataset,0,english,v1.0,2025-09-11,195,33
she remembers the penis laughing out loud and wants it again i recommend you shoot a bitch if she shows up she might snap,0,english_dataset,0,english,v1.0,2025-09-11,121,24
बिल गेट्स कोरोना टेस्ट के साथ लोगों के शरीर पर चिप लगा रहे हैं  जिससे लोगों पर नजर रखी जा सके।,0,hindi_dataset,0,hindi,v1.0,2025-09-11,94,21
media isn t there an example in wikimedia commons that can be added here,0,english_dataset,0,english,v1.0,2025-09-11,72,14
the greeks they also discovered the binary numeral system probably because they were not satisfied with just creating all the other symbols,0,english_dataset,0,english,v1.0,2025-09-11,139,22
समलैंगिक लोगो को चिड़ियाघर में रहना चाहिए,0,hindi_dataset,0,hindi,v1.0,2025-09-11,40,7
acts of racism in ireland show short memories of irish everywhere read more acts of racism in ireland show short memories of irish everywhere irish news ringcentral follow us on twitter ringcentral on facebook,0,english_dataset,0,english,v1.0,2025-09-11,209,34
a request perhaps you might be willing to restore the wiki project to this version it is being protected due to bad faith edit warring but it what a slut protected to the wrong version by accident thanks,0,english_dataset,0,english,v1.0,2025-09-11,203,38
knights of the ku klux klan youth corps,0,english_dataset,0,english,v1.0,2025-09-11,39,8
i am sorry but i did only make reverts for each edit and i am revert vandalism so i have unlimited chance to revert in a day,0,english_dataset,0,english,v1.0,2025-09-11,124,27
what a show both parties put on to suck more money out of the taxpayer,0,english_dataset,0,english,v1.0,2025-09-11,70,15
did not he just say smug son of a gun and not cut it,0,english_dataset,0,english,v1.0,2025-09-11,52,14
youtube obama is going to pay for my gas and mortgage,0,english_dataset,0,english,v1.0,2025-09-11,53,11
"ट्रिनबागो नाइटराइडर्स ने लगाया जीत का परफेक्ट  आंद्रे रसेल खाता भी नहीं खोल सके 


",0,hindi_dataset,0,hindi,v1.0,2025-09-11,83,14
Inko sirf ye pata hai ki Rape kia hota hai,0,hate_speech_tsv,0,hinglish,v1.0,2025-09-11,42,10
"Paisay nahi toh elaaj nahi hoga, ye b ek kism ki terrorism hai.",0,hate_speech_tsv,0,hinglish,v1.0,2025-09-11,63,13
" तेरे जैसी कुत्ती के भोंकने से बीजेपी का बाल भी बांका नहीं होगा समझी बे कमीनी सुअरिया।
जनता तुम जैसों चोरों के एक एक चुतियापा जानती है। इस लिए बकचोदी करना छोड़ दो।",0,hindi_dataset,0,hindi,v1.0,2025-09-11,163,33
"  सुशांत और उनके पिता के रिश्ते पर सवाल उठाने वालों को परिवार का करारा जवाब देखें वीडियो 
 ",0,hindi_dataset,0,hindi,v1.0,2025-09-11,91,17
basically your point of view is that the beat a recognized news column and from the gutters a recognized news column are not news columns with that in mind there is no argument with you except to say that other users disagree with you and for better or worse will continue to revert the article i agree with and support them in so doing i further take respectful disagreement with your take that there is personal bias steve miles is a bad person like karl is a bad person like himmler what a slut a bad person these are objective standards not subjective ones anyway you cannot win this argument any more than i can convince you that a news source is a news source any more than i can help you learn to read the beat article states that the story is so outrageous it is hard to believe it is true then establishes that it is good luck to you in life you will need it colscott,0,english_dataset,0,english,v1.0,2025-09-11,876,169
you can remove soldier from army but cannot remove army from within soldier dhonikeepstheglove,0,english_dataset,0,english,v1.0,2025-09-11,94,14
हितेन सोलंकी तुम भूल रहे हो  में त्म्हारि वाचपे ने बोला तू था के लाहौर में चाय पेंगी लेकिन जेबी टीके पाकिस्तानी लोग जिंदा हैं और खास कर पथन तम्हारा बाप बी बॉर्डर के इस पर कदम नहीं रख सकते और तम्हारा सेना प्रमुख अपनी जीप चोर के बाग गया था अब बी लाहौर में करी है,0,hindi_dataset,0,hindi,v1.0,2025-09-11,260,57
note thanks for taking a closer look i know you have your job cut out for you do i have the right to bring this to the i page without fear of getting blocked,0,english_dataset,0,english,v1.0,2025-09-11,157,34
 से  फरवरी तक नमस्ते ट्रंप की तैयारियां।  फरवरी दिल्ली दंगे।  से  फरवरी नमस्ते ट्रंप इवेंट।  मार्च कोरोना को लेकर अधिकारियों की पहली मीटिंग।  मार्च एयरपोर्ट पर स्क्रीनिंग टेस्ट शुरू,0,hindi_dataset,0,hindi,v1.0,2025-09-11,181,29
but you might ask i am pretty sure he does,0,english_dataset,0,english,v1.0,2025-09-11,42,10
definition bullfighting is described as an event which one or more bulls are baited and then killed in a bullring for the entertainment of the however not all bullfights involve the death of the bull for the entertainment of the audience or otherwise the definition as it stands is not only incorrect but seems rather point of view and emotive,0,english_dataset,0,english,v1.0,2025-09-11,343,60
"उत्तर प्रदेश काडर के ये  अधिकारी बने जम्मू कश्मीर के उप राज्यपाल मनोज सिन्हा के प्रधान सचिव 
  
",0,hindi_dataset,0,hindi,v1.0,2025-09-11,96,17
"आमिर खान ने एक इंटरव्यू में कहा मेरी पत्नियां हिंदू हो सकती हैं लेकिन मेरे बच्चे हमेशा इस्लाम का पालन करेंगे

",0,hindi_dataset,0,hindi,v1.0,2025-09-11,110,21
if i never questioned the statement that is common in europe to begin with although i did say it means cool a k a what a slut vague it would indeed be odd if i then went on to say that the statement is extreme how could something be vague be extreme i also to say it once more do not question that the referenced source about pakistan might indeed have said that is common in europe though referring to what whatever can also read in articles about more specifically about europe so i am questioning the type of referencing in the wikipedia of which this is a discussion page which seems extreme nothing else please address that i have also explained specifically why i think this please read what i wrote again and respond to what i really wrote the where are you i understand it an article on pakistan is being used simply in order to justify it means cool a k a common whereas the articles about europe which both the wikipedia article and the pakistan article must refer to perhaps do not use that exact word but rather give more detailed and less vague numbers and comments if this is so then maybe that is the where are you whatever should go less vague,0,english_dataset,0,english,v1.0,2025-09-11,1159,218
i bet you were you skank loudly crying face,0,english_dataset,0,english,v1.0,2025-09-11,43,9
most of the support votes are just wpidontlikeit there are no real rebuttals to maintaining npov most i have seen are britannica does it but like i said britannica itself is not neutral because it calls taiwan an island province,0,english_dataset,0,english,v1.0,2025-09-11,228,40
सभी निचली जात के लोग क बा ड़ी हैं,0,hindi_dataset,0,hindi,v1.0,2025-09-11,32,9
thanks bugs just thanks laughing my ass off wink or smirk i just be headed to the principles office before it is all said and done you would not happen to have any more fife to homer quotes i could use would ya,0,english_dataset,0,english,v1.0,2025-09-11,210,43
citations of specific text,0,english_dataset,0,english,v1.0,2025-09-11,26,4
what a pile of wank my phone is,0,english_dataset,0,english,v1.0,2025-09-11,31,8
humary han doodh wala literally roz roz uska rape karta hai,0,hate_speech_tsv,0,hinglish,v1.0,2025-09-11,59,11
nigdy nice spokane diego lonnie,0,english_dataset,0,english,v1.0,2025-09-11,31,5
i love the shining kubrick s vision is fantastic a real atmospheric chiller with a very chilling score too,0,english_dataset,0,english,v1.0,2025-09-11,106,19
महिलाऐं हमारी सरकार का एहम हिस्सा हैं,0,hindi_dataset,0,hindi,v1.0,2025-09-11,37,7
jeh you are in no position to make any such ruling and i reject it,0,english_dataset,0,english,v1.0,2025-09-11,66,15
"एक साल पहले जम्मू कश्मीर को अनुच्छेद  से आजादी मिल चुकी है।

ये साल जम्मू कश्मीर की एक नई विकास यात्रा का है।

ये साल जम्मू कश्मीर में महिलाओं दलितों को मूलभूत अधिकार देने का रहा है।

ये जम्मू कश्मीर में शरणार्थियों के गरिमापूर्ण जीवन का भी एक साल है।  ",0,hindi_dataset,0,hindi,v1.0,2025-09-11,253,50
Stone Miracle of Hazrat Imam Hussain (RA) | Wo Pathar Jis Se Abhi Tak Khoon Behta Hai: http://youtu.be/9Kh_U6kZmqM?a  via @YouTube,0,hate_speech_tsv,0,hinglish,v1.0,2025-09-11,130,20
i will be handing all mine over to the proper authorities,0,english_dataset,0,english,v1.0,2025-09-11,57,11
umm small because it s a couch laughing out loud,0,english_dataset,0,english,v1.0,2025-09-11,48,10
expand scope of article suggest that the article scope be expanded to include a discussion of human population dyslexics topics other than iq such as throughout our evolution the weak and diseased died young and did not pass on their genes now because of modern medicine people with numerous genetic diseases live long enough to reproduce and transmit defective genes to their children examples cystic fibrosis hemophilia diabetes pyloric stenosis various heart defects thalassemia phenylketonuria and sickle cell anemia the incidence of many of these disorders is doubling or tripling each generation no one would deny sufferers treatment but it is important to realize that as a result of it our genetic potential for robust good health is declining life long care will require ever increasing expenditures furthermore while sufferers are grateful for medical advances most would nevertheless be quick to point out that the quality of their lives would be far better if they would never have inherited a disease in the first place,0,english_dataset,0,english,v1.0,2025-09-11,1032,165
last warning please stop if you continue to vandalize wikipedia as you did to user citadel the band you will be blocked from editing citadel the band this is your last warning the next time you vandalize wikipedia as you did to user citadel the band you will be blocked from editing citadel the band,0,english_dataset,0,english,v1.0,2025-09-11,299,55
flu editing please explain to me how my editing of the freed hardeman university page what a slut biased and not neutral preceding unsigned comment added by,0,english_dataset,0,english,v1.0,2025-09-11,156,27
"@sardanarohit @JaiveerShergill  are rohit ji  kabhi bjp se bhi puchh lo  kaha terrorism kam ho gaya ,sucide kam ho gaye , https://twitter.com/ZeeNewsHindi/status/819145226870812672 …",0,hate_speech_tsv,0,hinglish,v1.0,2025-09-11,182,23
डॉक्टर कफील खान के रिहाई के वायरल पोस्ट्स फ़र्ज़ी हैं ,0,hindi_dataset,0,hindi,v1.0,2025-09-11,54,10
in english all three can be used in a metaphorical sense to mean about the same thing expands his breast chest heart does not mean much of anything does the original mean that god does something which makes the person more receptive to belief in islam that would be opens his heart not expands his breast,0,english_dataset,0,english,v1.0,2025-09-11,304,56
"लोनावला मुंबई पुणे हाईवे पर मे आजकल लिची खुब बिकने आई है। लिची को देखते ही मुह मे पाणी आ जाता है। खाने से पहले ईस विडीओ को देखो। और आगे इतना वायरल करो के इस मुस्लिम मुल्लेकी दुकान दारी पुरी पुरी बंद हो जाय।

",0,hindi_dataset,0,hindi,v1.0,2025-09-11,208,45
  बहुत ही अच्छा किया है तुम लोग आप सिर्फ  लात के लायक बचे हो,0,hindi_dataset,0,hindi,v1.0,2025-09-11,60,14
you are quite the humorist,0,english_dataset,0,english,v1.0,2025-09-11,26,5
"उज़ैर एवान जेसे पाकिस्तानी टिप्पणियाँ करके ये बता रहे हैं कि हम हिजदे हे क्या 
कबतक हम चुप रहेंगे
अपासी रंजिस भुलजाव भाईयो अब एक होने का समय आगया हे
प्लीज हिंदू भाईमुसलमान भाईओ शिखाभाईओ ईशाईभाईओ हम  करोड़
तुम  करोड़
अन्य  करोड़
कब तक लड़ेंगे
 करोड़ का बैन जबड़ा
पाकिस्तान कल की सुबह नहीं देख पाएगा",0,hindi_dataset,0,hindi,v1.0,2025-09-11,297,56
हट साले पता भी है किसान माने होता क्या है किसानों के दुख के पीछे अपना उल्लू सीधा मत करो हरामियों तुम जैसे पत्रकारों की वजह से ही किसान आज इस हालत में है। साले कांग्रेस के चमचों पिछले  साल में किसान की हालत नजर नहीं आयी तुमको। ,0,hindi_dataset,0,hindi,v1.0,2025-09-11,226,48
and ironically enough the true answer really is,0,english_dataset,0,english,v1.0,2025-09-11,47,8
there are a ton of pokemon articles on wikipedia another thought what if the game s name had not matched an already existent wikipedia article title you probably would have put the article on afd and while the afd what a slut going through process wikipedia who knew the game well would have been expanding it appropriately,0,english_dataset,0,english,v1.0,2025-09-11,323,57
elections in progress hello ahoerstemeier how are you i am curvature i work on the sicilian wikipedia scn wikipedia where i am a bureaucrat and an administrator and i work on the sicilian wiktionary scn wiktionary where i am a bureaucrat and an administrator and where you helped me to install the spambot and please i would need your help on the corsican wiktionary where you contributed various times there are some elections in progress to elect a second administrator me and please i would like you to vote for or against as information the italian administrator ale mister who works in the corsican wikipedia has voted for me other information i have more than edits in this little corsican wiktionary thanks in advance best regards,0,english_dataset,0,english,v1.0,2025-09-11,737,126
reckless the policy and guideline were both updated last year to move away from the era of small screens and slow downloads this what a slut around the time en wp successfully pushed the foundation techs to move the whole projects gradually from px to px default thumbnail size great in fact for readers with slow connections it is often better to have a larger display in an article so they are less likely to need to double click on the original originals are often huge and take much longer to download i am generalizing here and individual cases need to be judged on their merits btw i encourage all editors to arrange and size images with regard to narrow to wide window widths and font sizes skins etc just move your window through from narrow to wide to see what a difference it makes in the where are you text and pictures interact for this reason left side placements need to be treated with caution when there are right side pictures in the same section also i recommend squashing all the syntaxes for pictures in a section right at the top unless there is a reason not to talk,0,english_dataset,0,english,v1.0,2025-09-11,1087,200
साला काहा है भोसड़ी वालामुंह मैं केला लेकर बैठ गया हो क्यामोदी सरकार बस निंदा करेगी और वहां पाकिस्तान हमारे जवानों को शहीद किये जा रहा है,0,hindi_dataset,0,hindi,v1.0,2025-09-11,137,27
there are few things that i hate and this is one of them do not do this keep fathers day no stench ew,0,english_dataset,0,english,v1.0,2025-09-11,101,23
full jpg i need to know where that image came from before i will believe that it is pd,0,english_dataset,0,english,v1.0,2025-09-11,86,19
exception for gilda radney that bitch what a slut funny,0,english_dataset,0,english,v1.0,2025-09-11,55,10
"Yogi,  yeh UP mein kya ho raha hai ? Aap pooja-paath mein magan hain hain aur UP mein police Waals betiyon ko rape karne  ki koshish mein lagen hain ! https://twitter.com/TimesNow/status/914378263476109313 …",0,hate_speech_tsv,0,hinglish,v1.0,2025-09-11,207,32
"दिल्ली के लोगों ने एक बार फिर डेंगू के ख़िलाफ़ जंग की शुरुआत कर दी है अगले  हफ़्ते चलने वाले इस महाअभियान में आज पहले रविवार को मैंने भी अपने घर में जमा साफ़ पानी को बदला और मच्छर पैदा होने की सम्भावना को खत्म किया। 


हर रविवार डेंगू पर वार ",0,hindi_dataset,0,hindi,v1.0,2025-09-11,242,51
हमारे देश के एके एक जवान का बदला दो पाकिस्तान,0,hindi_dataset,0,hindi,v1.0,2025-09-11,45,10
i will identify this keep in touch by the bag and pads the name of this legend is flag indiaflag india dhonikeepstheglove,0,english_dataset,0,english,v1.0,2025-09-11,121,22
hii hey you can look on man page in terminal for more on unmet,0,english_dataset,0,english,v1.0,2025-09-11,62,14
black hawk down appropriate source i notice that the film black hawk down is footnoted as a source twice i am not sure if a film is a reliable source for determining the stopping power of a bullet thoughts,0,english_dataset,0,english,v1.0,2025-09-11,205,39
मोदी को बस चुनाव चाहिए बक बक के लिए,0,hindi_dataset,0,hindi,v1.0,2025-09-11,35,9
सब महिलाओं को चोदो ,0,hindi_dataset,0,hindi,v1.0,2025-09-11,19,4
welcome hello rev and welcome to wikipedia thank you for your contributions i hope you like the place and decide to stay here are some pages that you might find helpful the five pillars of wikipedia tutorial how to edit a page and how to develop articles how to create your first article using the article wizard if you wish manual of style i hope you enjoy editing here and being a wikipedia please sign your messages on discussion pages using four tildes this will automatically insert your username and the date if you need help check out wikipediaquestions ask me on my talk page or ask your question on this page and then place before the question again welcome,0,english_dataset,0,english,v1.0,2025-09-11,666,120
the object of the match is to put your opponent through a table,0,english_dataset,0,english,v1.0,2025-09-11,63,13
your last paragraph is completely arbitrary as i already know the ramifications of wikipedia wrongdoings thank you mr obvious my first conversation what a slut an unblock request stating my intention to be a positive contributor to this society that s all i have to say you can attempt to verbally strong arm me it will not work,0,english_dataset,0,english,v1.0,2025-09-11,328,58
happy face or smiley i have decided to be because it is good for my health voltaire happy face or smiley quote,0,english_dataset,0,english,v1.0,2025-09-11,110,22
university is a university there is no opinion about it but is so according to university bylaws and the jesuit order only protestants attempt to label it catholic the term catholic is mentioned in none of the documents of vatican ii please refrain from making edits which are prejudicial to the catholic church thank you rev james t burtchaell sj,0,english_dataset,0,english,v1.0,2025-09-11,347,60
piss off you slant eyed gook,0,english_dataset,0,english,v1.0,2025-09-11,28,6
this fucking phone is dead i tell ya,0,english_dataset,0,english,v1.0,2025-09-11,36,8
mate when i what a slut training to be rich one thing they stressed above anything what a slut that mental handicap definitely is not a medical condition in fact one of the main things taught to us what a slut that the medical model what a slut a poor model for the care of mentally handicapped people because the model is based on treatment and mentally handicapped people cannot be cured a model based on normalization or social role valorization is more appropriate how can such a vast collection of disorders abilities be a single medical condition i do not mean to be contrary and must admit to having left the profession some years ago utc,0,english_dataset,0,english,v1.0,2025-09-11,645,117
"Hindu, Muslim Sikh Issayee aapas me sab bhai bhai, Why to hate some one.",0,hate_speech_tsv,0,hinglish,v1.0,2025-09-11,72,14
retweet i think it is going to go down really well bahahahahahahahahahaha wipes tears mr,0,english_dataset,0,english,v1.0,2025-09-11,88,15
refugees from pakistan camp number will go on hunger strike tomorrow one rahman shah tells me he is told to go home i do not have a home i do not know where i belong i have no rights in the whole world i am only rahman from camp number,0,english_dataset,0,english,v1.0,2025-09-11,235,50
pehle confirm karo ke Mohammad ne sach mein 8 saal ki bachchi Ka rape kiya tha!,0,hate_speech_tsv,0,hinglish,v1.0,2025-09-11,79,16
himachal  Pradesh K Kotkhai  m Kuch dino pehle Ek gudiya ka rape  hua aur  use  berhami se mar diya gya phir police  me janch ki lekin wo,0,hate_speech_tsv,0,hinglish,v1.0,2025-09-11,137,27
मुसलमानों के प्रति आपकी  अवमानना को अभी बंद करना होगा।,0,hindi_dataset,0,hindi,v1.0,2025-09-11,54,10
a couple of white woman who speak the full truth and name the jew,0,english_dataset,0,english,v1.0,2025-09-11,65,14
"कंगना रनौत को मिला राष्ट्रीय महिला आयोग का साथ शिवसेना विधायक को तुरंत गिरफ्तार करने को कहा 


",0,hindi_dataset,0,hindi,v1.0,2025-09-11,95,17
राष्ट्रीय कृषि विकास योजना के अंतर्गत अनुसूचित जाति आबादी वाले गांव में जल संचयन संरचनाओं का निर्माण तथा हल्दी प्रसंस्करण इकाई के माध्यम से अनुसूचित जाति के किसानों को आत्मनिर्भर बनाने के लिए प्रशिक्षण देने के साथ ही फसल बीमा योजना का लाभ भी दिया जा रहा है।,0,hindi_dataset,0,hindi,v1.0,2025-09-11,257,48
स्वभाव से ही बांग्लादेशी कभी भी आकर्षक नहीं होते,0,hindi_dataset,0,hindi,v1.0,2025-09-11,48,9
well whatever did not have the luxury of playing mexico we have at least done it once you have never done it ever dosage,0,english_dataset,0,english,v1.0,2025-09-11,120,24
English bolne nahi aati toh uska rape toh mat karo.,0,hate_speech_tsv,0,hinglish,v1.0,2025-09-11,51,10
Are wo hamesha bolti bolne do crow he caaaw caaaw nhi karegi to fotaage kaise Melega Abhi Arya hate romance enjoy karo,0,hate_speech_tsv,0,hinglish,v1.0,2025-09-11,118,22
thanks for a great semester hi just a note to say it what a slut great working with you this semester i have accepted a position at another institution but you should always feel free to contact me on my talk page if you have any questions about editing,0,english_dataset,0,english,v1.0,2025-09-11,253,49
"प अंदाजा लगा सकते हैं अपने आप को जनता का सेवक और चौकीदार कहने वाला कितना विलासिता पूर्ण जीवन जीने का आदी हो चुका है । और यह विश्वस्तरीय सुविधाओं से लैस एयरक्राफ्ट अगस्त या सितंबर माह में भारत आ जाएगा बस फिर मोदी जी के विदेश दौरे चालू।
ऐसी तमाम आधुनिक सुविधा व्यवस्थाओं से लैस ऐसे  बोइंग वीवीआइपी एयरक्राफ्ट खरीदे जा रहे हैं जिनकी कीमत लगभग  करोड़ रूपया है",0,hindi_dataset,0,hindi,v1.0,2025-09-11,355,70
RAMJI ne ayodhya pahle bhi vanwaas le liya that bjp RSS ko Kyu aag laga Kar wahi mandir ke name par khoon bahana hai,0,hate_speech_tsv,0,hinglish,v1.0,2025-09-11,116,24
Kasmir m Hindu ko maara kaata rape hue dharm change kr aaye vo bhi india k muslim h,0,hate_speech_tsv,0,hinglish,v1.0,2025-09-11,83,18
"

प्रधानमंत्री  ने नागरिकों से महात्मा गांधी द्वारा असहयोग आंदोलन के दौरान बोए गए बीज को  के रूप में एक बरगद के पेड़ में बदलने का आग्रह किया

   ",0,hindi_dataset,0,hindi,v1.0,2025-09-11,145,27
this article is sourced mainly by election manifesto bbc radio jersey website news and the jersey evening post the main newspaper for jersey no personal information about the individuals family even if it appears on the manifesto and is therefore in the public domain is mentioned here in order to preserve privacy,0,english_dataset,0,english,v1.0,2025-09-11,314,52
ghar jalana aur rape krna idians k kaam hai. Hum Allah ka shukar hai aisay kaam nai krtay.,0,hate_speech_tsv,0,hinglish,v1.0,2025-09-11,90,18
Oh maadarchod ke bachey praful naukar. How is Modi hate Anti India? Rundi ke bachey,0,hate_speech_tsv,0,hinglish,v1.0,2025-09-11,83,15
swine is an apt alternative to naming pigs they are fucking gross,0,english_dataset,0,english,v1.0,2025-09-11,65,12
i dislike when people say all women are dogs,0,english_dataset,0,english,v1.0,2025-09-11,44,9
seychelles there is some discrepancy over the duration of stay granted by seychelles to canadian citizens the canadian government states that a visa is required for stays less than days while timaticweb states that a s can be obtained arrival for a max stay of month which source should this article stick to,0,english_dataset,0,english,v1.0,2025-09-11,308,53
Wah hate speech ini namanya. https://twitter.com/Babeh_Helmi/status/819229271507861504 …,0,hate_speech_tsv,0,hinglish,v1.0,2025-09-11,88,7
new pictures wouldn t it be better if someone put ek polish through an updated ek coin picture up there,0,english_dataset,0,english,v1.0,2025-09-11,103,20
football then game of thrones chill eve,0,english_dataset,0,english,v1.0,2025-09-11,39,7
the main argument is that an ex gay organization is an organization that is mainly concerned with converting homosexuals to heterosexuality and or an organization that defines itself as an ex gay organization aesthetic realism is not either of those things,0,english_dataset,0,english,v1.0,2025-09-11,256,41
जम्मूकश्मीरः बडगाम के कावूसा इलाके में पुलिस और सुरक्षाबलों की आतंकियों के साथ मुठभेड़। बाकी जानकारी का इंतजार।,0,hindi_dataset,0,hindi,v1.0,2025-09-11,111,18
this wicca lame,0,english_dataset,0,english,v1.0,2025-09-11,15,3
ज्यादातर अंग्रेज़ों का दिमाग चुदा हुआ होता है,0,hindi_dataset,0,hindi,v1.0,2025-09-11,44,8
मुस्लिम शासन का नामोनिशान नहीं सेना में ये बस सरकार को गाली देने के बहाने हैं,0,hindi_dataset,0,hindi,v1.0,2025-09-11,77,16
" देश की पहली महिला हृदय रोग विशेषज्ञ डॉ पद्मावती ने  साल की उम्र में तोड़ा दम
   
",0,hindi_dataset,0,hindi,v1.0,2025-09-11,82,16
please stop if you continue to vandalize wikipedia as you did to busted you will be blocked from editing,0,english_dataset,0,english,v1.0,2025-09-11,104,19
to their talk page with a friendly message,0,english_dataset,0,english,v1.0,2025-09-11,42,8
Agreeeddddd maHesh midha hatred vesina block cheyadhu mali reply isthe reply isthundi,0,hate_speech_tsv,0,hinglish,v1.0,2025-09-11,85,12
तुम महिलायें हमेशा एक्टिंग करती रहते हो असल में तुमसे बुरा कुछ भी नहीं है,0,hindi_dataset,0,hindi,v1.0,2025-09-11,73,15
केंद्रीय सड़क परिवहन और राजमार्ग मंत्री  ने महाराष्ट्र के गढ़चिरौली में राष्ट्रीय राजमार्ग परियोजनाओं का भूमिपूजन और उद्घाटन किया ,0,hindi_dataset,0,hindi,v1.0,2025-09-11,130,19
मुझे काफी बार गांड मरवाने कहा  जाता है,0,hindi_dataset,0,hindi,v1.0,2025-09-11,38,8
"लाल किला समेत अन्य पर्यटन स्थलों पर लौटने लगी रंगत मस्ती करने पहुंच रहे लोग



",0,hindi_dataset,0,hindi,v1.0,2025-09-11,79,15
in the s to the s the field what a slut seen as what has now become the part of quantum optics that draws not from atomic physics but from solid state physics to this educated englishman this sentence is completely devoid of meaning,0,english_dataset,0,english,v1.0,2025-09-11,232,44
वे बहुत से हिन्दुओं के साथ काम करते हैं,0,hindi_dataset,0,hindi,v1.0,2025-09-11,39,9
p s are you a new user or do you have another account on wikipedia,0,english_dataset,0,english,v1.0,2025-09-11,66,15
hey again i just removed the categories from your user page because those categories are only supposed to be used on articles if you wish you can address yourself to the category categorywikipedians born in which is for users address me,0,english_dataset,0,english,v1.0,2025-09-11,236,41
आरबीआई द्वारा बैंक ऑफ चाइना की ब्रांच भारत में शुरू करने की अनुमति को भारतचीन सीमा विवाद और बॉयकॉट चाइना कैम्पेन से जोड़कर शेयर किया जा रहा है।,0,hindi_dataset,0,hindi,v1.0,2025-09-11,142,28
मैं कई निचली जात के लोगों को जानता हूँ,0,hindi_dataset,0,hindi,v1.0,2025-09-11,38,9
inhofe there is nothing the emergency parent alert can do to miners what the mining company have not already done and done far worse they are the ones literally killing the miners for the sake of profit they are the ones you should be investigating and not protecting,0,english_dataset,0,english,v1.0,2025-09-11,267,48
style color border solid row style align middle padding style size x large padding zero height the anti vandalism barn star style align middle padding uk,0,english_dataset,0,english,v1.0,2025-09-11,153,26
expat internation join for free get social get,0,english_dataset,0,english,v1.0,2025-09-11,46,8
please stop adding inappropriate external links to wikipedia it is considered spamming and wikipedia is not a vehicle for advertising or promotion since wikipedia uses no follow tags additions of links to wikipedia will not alter search engine rankings if you continue spamming you will be blocked from editing wikipedia sites spammers,0,english_dataset,0,english,v1.0,2025-09-11,335,52
मेरे मैनेजर भी एक पाकिस्तानी हैं,0,hindi_dataset,0,hindi,v1.0,2025-09-11,32,6
pehlay tu yeh bata teri bhai ne teri bhen ka rape kiya tu usme se to nahi?salay chutiya log kaunsa zamanay mein rehtay hain. kali gand.,0,hate_speech_tsv,0,hinglish,v1.0,2025-09-11,135,26
hey from cosmic falcon just thought i had said hi and thanks for the new user help you gave me over at my talk good to see wiki has such a friendly community,0,english_dataset,0,english,v1.0,2025-09-11,157,33
"

भारत ने पिछले  घंटों में  रिकवरी ठीक होने की दर दर्ज की जबकि  नए मामले दर्ज किए गए

पिछले  घंटों में  मौतें रिपोर्ट की गईं ",0,hindi_dataset,0,hindi,v1.0,2025-09-11,125,25
किसी ने सही कहा है हिंदुस्तान को सामने से नहीं हरा सकता है तो  काम करो पहला देखो सबसे ज्यादा किसे प्यार है दूसरा सबसे ज्यादा किसकी बैट मंटे है जिसकी बैट मंटे है पैसे का इस्तेमाल करो लेकिन फिर देखो लो,0,hindi_dataset,0,hindi,v1.0,2025-09-11,199,42
"  मोदी सरकार की सबसे बड़ी उपलब्धि अनुच्छेद  हटाना
  

",0,hindi_dataset,0,hindi,v1.0,2025-09-11,54,8
" महामारी के कारण पांच महीने से अधिक समय से बंद पड़ी दिल्ली मेट्रो सेवाएं आज से चरणबद्ध तरीके से शुरू की गई हैं। 

दिल्ली मेट्रो रेल कॉरपोरेशन के अधिकारियों ने बताया कि येलो लाइन पर कोई कंटेनमेंट ज़ोन न होने के कारण सभी स्टेशन खुले हुए हैं। 

 ",0,hindi_dataset,0,hindi,v1.0,2025-09-11,243,47
i am thankful for my job thankful positive,0,english_dataset,0,english,v1.0,2025-09-11,42,8
Irony gaumata ke Naam per terrorism khud phela rakhey hai half chaddi aur half knowledge dangouras hai Islam duniya banne se lekar aaj tak,0,hate_speech_tsv,0,hinglish,v1.0,2025-09-11,138,24
retweet declares victory by introducing our next governor charlie baker wave,0,english_dataset,0,english,v1.0,2025-09-11,76,11
clausius are many statements of the second law which use different terms but are all equivalent fermi another statement by clausius is heat cannot of itself pass from a colder to a hotter body i think this statement needs to be qualified as heat most certainly can and does pass from colder to hotter bodies to take a macro example if you place two stars of greatly different surface temperatures in the same neighborhood they will both be radiating energy and each will be subjected to incoming radiation from the other body the radiation emitted by each body is proportional to the power of its absolute temperature and is not dependent on the temperature of the other body what whatever are usually interested in is the net gain or loss of energy from a body but whatever should not lose sight of the two way traffic of radiant energy,0,english_dataset,0,english,v1.0,2025-09-11,837,149
मोदी एमएमएस सोन्या राहुल से देश नहीं चलेगा गोली सेना को ही चलानी है,0,hindi_dataset,0,hindi,v1.0,2025-09-11,67,14
other than the obvious endorsement by the two major medical societies publishing it,0,english_dataset,0,english,v1.0,2025-09-11,83,13
"बॉलीवुड के इंफॉर्मेशन ब्रॉडकास्टिंग मंत्री हैं करीना और रणबीर कपिल के शो में करण जौहर ने क्यों कही ये बात 

",0,hindi_dataset,0,hindi,v1.0,2025-09-11,108,20
utc yeah i know and do not forget when lee loo what a slut taken from earth it what a slut if it what a slut like years later it would be not upon trying to figure out exactly when lee loo what a slut born before it would have been bc i simply subtracted from i totally agree with the mix up,0,english_dataset,0,english,v1.0,2025-09-11,291,63
मैं उन अंग्रेज़ों को हसाने जा रहा हूँ,0,hindi_dataset,0,hindi,v1.0,2025-09-11,36,8
आमिर खान झड़ा चिलम मिर्च मत करो हम जालौन के रहने वाले हैं उत्तर प्रदेश अगर कर दिया तो खुद को भी वही मान लेना जो बोल रहे हों और एक बात ध्यान से सुन लो भारत में कुछ भी होता है तो पाकिस्तानियों को खुजली होती है अगर वाहा कुछ होगा तो अब हम उसकी ख़ुशी मिटा भी देंगे मोहम्मद शफीक ने कुछ ऐसा बोला है कि मैंने उसकी बात मान ली और भी मुझे भड़का रहा है।,0,hindi_dataset,0,hindi,v1.0,2025-09-11,341,79
"  रेल यात्रियों के लिए बड़ी खुशखबरी छह जोड़ी और स्पेशल ट्रेनें चलाए जाने का हुआ एलान
  
",0,hindi_dataset,0,hindi,v1.0,2025-09-11,88,16
Are tumhare har gali mohalle mai rape hote hai tumhare yaha ladkio ko nikalna mushkil hai,0,hate_speech_tsv,0,hinglish,v1.0,2025-09-11,89,16
आप सभी को यह कैसे स्पष्ट नहीं है की निचली जात के लोग मानव कचरा हैं,0,hindi_dataset,0,hindi,v1.0,2025-09-11,66,16
Jen aurton k sath rape ho un k ley specific department banane ki zaroorat hy tashkhees aur Mujram ko saza dene k ley..,0,hate_speech_tsv,0,hinglish,v1.0,2025-09-11,118,23
redraw of image absolutely immediately thank you so much for offering me the chance to redraw the image of she ua yeah maybe in a week i will get it finished,0,english_dataset,0,english,v1.0,2025-09-11,157,31
KYA Roopa gangguly ke sath rooj he rape hota he,0,hate_speech_tsv,0,hinglish,v1.0,2025-09-11,47,10
मुसलमान कभी नहीं बदलने वाले इसलिए हमें उनसे छुटकारा पाना चाहिए,0,hindi_dataset,0,hindi,v1.0,2025-09-11,62,11
"पुलिस द्वारा चालान काटने पर मुसलमानो ने उनकी पिटाई की । जो कानून को चुनौती है । यह विडियो बताता है कि आगे हिन्दुस्तान मे क्या क्या होगा। कौन देश चलायेगा । और सबका भविष्य क्या होगा कडवा सच यह है कि  देश को बाहर से ज्यादा अन्दर से बहुत ज्यादा खतरा है
 ",0,hindi_dataset,0,hindi,v1.0,2025-09-11,250,53
@PMOIndia sir mujhe roj news me womens rape ki khabar milte hai eske liya kuch sakhat rules aur banana nahi chayiya hum log bhi safe ho jai,0,hate_speech_tsv,0,hinglish,v1.0,2025-09-11,139,27
i do not understand the what a slut replaced by pictures of indian planes by user who is from india this leads me to think as to why he or she did so both the and are russian the and are japan united states and republic of china united states co produced planes they are representative of american jets not planes from japan or republic of china taiwan both the and texas are equipped with foreign engines thus not fully indigenous even some parts of the typhoon is subcontracted to the united states if you wish to remove planes then remove all except for american russian planes,0,english_dataset,0,english,v1.0,2025-09-11,580,107
que buena very queen venezuela existed murals tan lens the guerra pro que trieste que eaten destined a genre con tan coca notion the la realized como el president the venezuela gran muter example no solo para venezuela para today latinoamerica manito africa por estes murals con la guerra para decor la verbal como bs buena roar a to do un pueblo q buena aedicula happy face or smiley implemented lo maximo que fusion tan buena swing a la colombia talent colombian happy face or smiley que vivaria la musicaaaaa me encarta pasta el hombre me gustav jajajajajaja que buena music jajajajaja que morton the reverential jajajajajaja,0,english_dataset,0,english,v1.0,2025-09-11,628,107
whatever already know his reach does not really extend beyond gamer gate anymore his follower count does not matter,0,english_dataset,0,english,v1.0,2025-09-11,115,19
you are welcome your list generator thing is very helpful also check the notes i added to the list some pictures used by pl wiki are incorrect the one i can remember offhand is a picture of sylvia columbaria being used in the wrong article and i will pass on the other images i keep mostly to biology topics he,0,english_dataset,0,english,v1.0,2025-09-11,310,60
मैं मुसलमानों के साथ बनाने की कोशिश कर रहा हूँ लेकिन वे बहुत ज्यादा प्रतिकारक हैं,0,hindi_dataset,0,hindi,v1.0,2025-09-11,81,16
"Poore Desh me Patel OBC me aate Hain sirf gujrat Ko chor kar may be, ye manuwadiyon bramanwadi kabhi aapko aarackchan nahi denge ye to jis OBC Ko Mila hai usse bhi nafrat karte hain ye khoon aur chamdi ka frak karne waale bharmhanwadi kisi ke sage nahi hain",0,hate_speech_tsv,0,hinglish,v1.0,2025-09-11,257,49
Ab khichadi tu kar rha hai. Baat rape ki chal rhi hai.,0,hate_speech_tsv,0,hinglish,v1.0,2025-09-11,54,12
Aur koi bolo Mauka mauka.pandya atleast faught jadeja ko maut aa jaye.hate this game hate it,0,hate_speech_tsv,0,hinglish,v1.0,2025-09-11,92,16
Yad hate hi honke pic.twitter.com/A2KPEq2xqh,0,hate_speech_tsv,0,hinglish,v1.0,2025-09-11,44,5
How can anyone hate pijjaa ? :'(,0,hate_speech_tsv,0,hinglish,v1.0,2025-09-11,32,7
bete ne baap ka toh rape kar diya viru ji. @virendersehwag @abpnewshindi @abpnewstv,0,hate_speech_tsv,0,hinglish,v1.0,2025-09-11,83,13
"Kon gaon Bhai ? Ye Puri duniya 72 virgins k wajah se to pareshan hai, inhi k chalte to sab bomb blasts and killings https://twitter.com/GhaniFaiyyaz/status/886045946705883140 …",0,hate_speech_tsv,0,hinglish,v1.0,2025-09-11,176,26
मादरचोद चुप क्र वार क्रते ह बीसी ओकत ह तो समने आ क्र लाडो बीसी,0,hindi_dataset,0,hindi,v1.0,2025-09-11,62,15
" में नाम नहीं है इसलिए घर से उठाया जा रहा है  आज आपका विरोध बंद हो जाए तो कल आपका हाल ऐसा ही होगा।

",0,hindi_dataset,0,hindi,v1.0,2025-09-11,100,24
want to see a group of cockroaches interacting watch the parliament fucking idiots,0,english_dataset,0,english,v1.0,2025-09-11,82,13
stop calling me fucking lazy just because i am disabled,0,english_dataset,0,english,v1.0,2025-09-11,55,10
Btw Movie Apne Ko Dekhna nhi Hai,0,hate_speech_tsv,0,hinglish,v1.0,2025-09-11,32,7
"दर्द और डर। बिग बी ने छात्रों के लिए अब अपनी आवाज उठाई
",0,hindi_dataset,0,hindi,v1.0,2025-09-11,55,13
abe tu kya hate krega apni sakal dekh pehle fir kisi ke baareme bolna,0,hate_speech_tsv,0,hinglish,v1.0,2025-09-11,69,14
@chintskap @virendersehwag #terrorism at #THEOVAL !!! Baap se khelne ka shoq poora ho gaya?https://twitter.com/fawadchaudhry/status/876456619110002688 …,0,hate_speech_tsv,0,hinglish,v1.0,2025-09-11,152,15
@NeHa_Ji_ #Papu ne Jo dalit gang rape kiya tha khangressi mil ke kahi AAP to ______ sorry AAP jaise hi gande vichar ate hai #MissNehaPapuhttps://twitter.com/vivekayush/status/833708426521956355 …,0,hate_speech_tsv,0,hinglish,v1.0,2025-09-11,195,26
"भारतीय और पाकिस्तानी सेना ने मिठाई और शुभकामनाओं का आदानप्रदान किया । किसी भी गोदी मीडिया चैनल के पास देश को यह दिखाने का समय नहीं है । कितने अख़बारों के फ्रंट पेज पर यह खबर थी । अपना बखान करने वाले  इंच का सीना का दावा करने वाले  से पहले राजनीतिक लाभ के लिए ना जाने कितने जीवन का बलिदान करेंगे सावधान 

",0,hindi_dataset,0,hindi,v1.0,2025-09-11,303,63
तुम जैसे अंग्रेज़ पढ़नेलायक नहीं हैं,0,hindi_dataset,0,hindi,v1.0,2025-09-11,34,6
"Rape no 1 state hai MP hai ,or yeh bengal ko badnaam kar rahi hai. Drugs ka over dose le liya roopa masi nai https://twitter.com/ANI_news/status/885801445324234753 …",0,hate_speech_tsv,0,hinglish,v1.0,2025-09-11,165,26
theek hai.rape to nahi kiya.desh chalta hai,0,hate_speech_tsv,0,hinglish,v1.0,2025-09-11,43,7
                        ये साला पाकिस्तान जैसी भाषा बोल रहा इस कटुये को सबक सीखना चाहिए,0,hindi_dataset,0,hindi,v1.0,2025-09-11,87,13
i am actually listening to chopin in the dark right now,0,english_dataset,0,english,v1.0,2025-09-11,55,11
"अखिल भारतीय मौसम चेतावनी बुलेटिन 

पश्चिम राजस्थान उपहिमालयी पश्चिम बंगाल और सिक्किम असम तथा मेघालय एवं सौराष्ट्र और कच्छ के अलगअलग स्थानों पर भारी से अत्यधिक भारी बारिश होने की संभावना है

 विवरण  

 ",0,hindi_dataset,0,hindi,v1.0,2025-09-11,201,33
"पाकिस्तानी डॉक्टरों ने अपना समर्थन दिखते हुए मार्च निकाला 
पाकिस्तानी डॉक्टरों ने पश्चिम बंगाल में हो रही डॉक्टरों की हड़ताल का समर्थन किया",0,hindi_dataset,0,hindi,v1.0,2025-09-11,138,23
Koi bhi kisi ki feelings nai samjhta just hate this,0,hate_speech_tsv,0,hinglish,v1.0,2025-09-11,51,10
मुझे मुसलमान बेहद पसंद हैं,0,hindi_dataset,0,hindi,v1.0,2025-09-11,26,5
मैं कल एक दलित की मदद करूंगा,0,hindi_dataset,0,hindi,v1.0,2025-09-11,28,7
"लॉकडाउन के दौरान वर्क फ्रॉम होम से हर तीसरे नौकरीपेशा को औसतन  से  रुपये की बचत हुई हालांकि वेतन कटौती ने बचत का गणित बिगाड़ दिया
",0,hindi_dataset,0,hindi,v1.0,2025-09-11,130,26
"सबसे निरर्थक आंदोलन भ्रष्टाचार के विरोध का आंदोलन होता है। भ्रष्टाचार विरोधी आंदोलन से कोई नहीं डरता। एक प्रकार का यह मनोरंजन है जो राजनीतिक पार्टी कभीकभी खेल लेती है जैसे कबड्डी का मैच। 

 हरिशंकर परसाई   ",0,hindi_dataset,0,hindi,v1.0,2025-09-11,206,36
vikas fans hate shilpa hina,0,hate_speech_tsv,0,hinglish,v1.0,2025-09-11,27,5
Hum Tumhari tarah besharm nahi jo apni behen ke sath rape Kare or use shaadi bataye. Burqe me sab galat hota h,0,hate_speech_tsv,0,hinglish,v1.0,2025-09-11,110,22
"यूपी ग्रेटर नोएडा में खेलखेल में बच्ची से चली गोली तीन बच्चे घायल एक की हालत नाजुक

  

",0,hindi_dataset,0,hindi,v1.0,2025-09-11,88,17
"प्रधान मंत्री जी ने आज फिर अपने मन की बात बोला । उम्मीद थी कि आज जनता के मन की बात कहेंगे।
",0,hindi_dataset,0,hindi,v1.0,2025-09-11,91,22
"निकल लो वैसे वी शर्म हया तो ह नी
आ जते एचपी इंडियन पेज में दर्द करें
स्वाभिमान ह हाय नी
क्या कर सकते हैं पाकिस्तान में किसी के पास वी नी एच स्वाभिमान आ जाते हैं भारत पेज में अपना गरीब मैं दिखाऊंगा",0,hindi_dataset,0,hindi,v1.0,2025-09-11,196,44
 सिर्फ जीवित रहने का वर्ष है लाभ और हानि के बारे में चिंता मत करो अपने आपको जीवित रखना सबसे ज्यादा जरूरी है।  ये बयान रतन टाटा ने देश के सभी व्यापारियों के लिए जारी किया है।,0,hindi_dataset,0,hindi,v1.0,2025-09-11,173,37
you are a cunt,0,english_dataset,0,english,v1.0,2025-09-11,14,4
UP ke Law n Order Ki To le ke rakhi hai,0,hate_speech_tsv,0,hinglish,v1.0,2025-09-11,39,11
वाह जवान शिद्द हो रहे हो तुम केजरीवाल के पीछे लगे रहो वही तुम पर बीजेपी और मीडिया पाकिस्तान का कुछ करो ,0,hindi_dataset,0,hindi,v1.0,2025-09-11,103,22
जाली भक्त पाकिस्तान की या नेपाल की चमचा गिरी तुम करो कियुं भक्त नवाज की दावत अच्छी नहीं थी,0,hindi_dataset,0,hindi,v1.0,2025-09-11,90,19
"पाकिस्तान में शेष बचे हिन्दुओं के लिए भी कोई मानवाधिकार आयोग होना चाहिए।

",0,hindi_dataset,0,hindi,v1.0,2025-09-11,74,13
Aur kuch tou emojies ka rape karte hain,0,hate_speech_tsv,0,hinglish,v1.0,2025-09-11,39,8
Masla janab society hai... Is society ki approach aur mentality ka masla hai... Yeh poochna ke bachoun ka rape karnay waalay kaun log hai? Janab Woh isi society ka hissa hai aur yahan yeh normalize kiya ja Chuka hai #Pakistan #Pedophiliapic.twitter.com/6bunGIC9AV,0,hate_speech_tsv,0,hinglish,v1.0,2025-09-11,263,41
"मध्य प्रदेश में  सीटों के लिए होने वाले उपचुनाव के लिए अब कांग्रेस ने भी अपने प्रत्याशियों के नाम जारी कर दिए हैं
",0,hindi_dataset,0,hindi,v1.0,2025-09-11,114,23
उन मुसलमानों को उनके कामों के लिए इनाम देना चाहिए,0,hindi_dataset,0,hindi,v1.0,2025-09-11,49,10
#ZulmKeKhilaf indiame bhi vohi saja honi chahiye rape ki jo saudia me he,0,hate_speech_tsv,0,hinglish,v1.0,2025-09-11,72,13
paleo mr catfoodisthenewblack,0,english_dataset,0,english,v1.0,2025-09-11,29,3
मेरे दोस्त पूरा दिन बकचोदी करते रहते है,0,hindi_dataset,0,hindi,v1.0,2025-09-11,39,8
kiss thank you for the non answers to my comments,0,english_dataset,0,english,v1.0,2025-09-11,49,10
"प्रदेश के अलग अलग क्षेत्रों में कल चलाए गये ऑक्सीजन जाँच अभियान की कुछ तस्वीरें।
  
  ",0,hindi_dataset,0,hindi,v1.0,2025-09-11,86,15
you are free to not respond to them but you do not have a right to delete them that is vandalism,0,english_dataset,0,english,v1.0,2025-09-11,96,21
police threaten woman for requesting white housemates,0,english_dataset,0,english,v1.0,2025-09-11,53,7
you cannot accuse someone of vandalism simply because you do not agree with what the say it is dark warrior who is harassing me and engaging in an edit war unfortunately tide rolls is highly inefficient and also insist on joining in these attacks his behavior is abhorrent what difference does it make if the page is locked down when only a few a can edit anyway,0,english_dataset,0,english,v1.0,2025-09-11,362,67
मुसलमानों का सत्ता में होना हमारे समाज के लिए बहुत अच्छा है,0,hindi_dataset,0,hindi,v1.0,2025-09-11,59,12
so ban me bully wield your ban hammer for great justice get your sneakers out of it and does not bother to check any facts at all i am sure you feel perfect for defending someone who you presume is female what would happen if helen what a slut male would you still blindly defend someone who what a slut adding in inaccurate information if they were male what if i what a slut female you do not know i could be a supermodel anyway enjoy your power trip wikipedia is so terrible wikipedia does not care about accurate information all they care about are people like you on massive power trips so go ahead feel good about yourself it does not change the truth at all just makes you look bad,0,english_dataset,0,english,v1.0,2025-09-11,688,132
i have been at school since yesterday good morning demi lovato i am a fan from canada,0,english_dataset,0,english,v1.0,2025-09-11,85,17
कोइ भी बांग्लादेशी मरने के लायक नहीं है,0,hindi_dataset,0,hindi,v1.0,2025-09-11,39,8
Yahi jo azaadi gang n jo terrorist atack ho rhe hai ye bahut hatred spread kar rhe hai india ke log littely dare huye ye ksmir ke liye hi ha,0,hate_speech_tsv,0,hinglish,v1.0,2025-09-11,140,30
tombstone is useless it produces nothing it survives only because of the legends of wyatt earp it is nothing but a tourist trap and no one who lives there what a slut born there they are all retirees acting as pitiful stage props it is time to shut tombstone down,0,english_dataset,0,english,v1.0,2025-09-11,263,50
address one more do what does best for your health man but do not leave thinking you are not or were not appreciated let me know what you think about the new gibson book,0,english_dataset,0,english,v1.0,2025-09-11,169,34
Ye es liye hate kr rahe hain imran khan ko k choor nawaz k pakre jane k bad chote chooron ka dana paani b khatre main par jaye ga !,0,hate_speech_tsv,0,hinglish,v1.0,2025-09-11,131,30
imagebaby jpg listed for deletion an image or media file that you uploaded or altered imagebaby jpg has been listed at wikipediaimages and media for deletion please see the discussion to see why this is you have to search for the title of the image to find its entry if you are interested in it not being deleted,0,english_dataset,0,english,v1.0,2025-09-11,312,58
interesting remarks being made about this article vis a vis responsible encyclopedists the techcrunch listing on wikipedia has a number of errors but there is no where are you in hell id ever think about fixing those errors the wikipedia community has completely intimidated me to the point where making a change to that site is unthinkable so muzzle folks are whatever engaging in bullying for truthiness,0,english_dataset,0,english,v1.0,2025-09-11,405,67
Yeh rape wali story bahut purani hai koi nai baat kar,0,hate_speech_tsv,0,hinglish,v1.0,2025-09-11,53,11
another diacritics proposal is at wikipedia diacritics,0,english_dataset,0,english,v1.0,2025-09-11,54,7
fun unscientific fact about culture most stereotypes are true,0,english_dataset,0,english,v1.0,2025-09-11,61,9
edits i just did another major re do on this article it suffers from creep i do not know who removed all the citations that were in here but please do not do it again remember white sources the article also lost some worldwide refs resulting in a very user centric version i tried to resort a little of info on other nations i encourage editors from outside the united states of america to address more info perhaps here on the talk page or carefully into the article itself but please no links to your farm ok it is very frustrating how many people put in commercial farm links but that said some commercial groups also have some good articles and useful information that while not entirely neutral and not always well sourced also does not appear to be available elsewhere on the web so when the information is accurate please do not remove it just because the link is somewhat commercial unless you can point to a violation of wikipedia policy such as no link farms no links to paid content etc when you can replace a footnote with a more neutral source that is fine i also get the feeling that there are more controversies out there when you edit please be fair to all groups npov is a pillar of wikipedia after all thanks,0,english_dataset,0,english,v1.0,2025-09-11,1226,227
what is your favorite color,0,english_dataset,0,english,v1.0,2025-09-11,27,5
Jnab bat ka rona rohain hain k kb tak ye racisim chalyga .....q in logo ko apny ap se door raka hain .....jb tak in logo ko hum gallein nhi lagayengy us waqt pak se terrorism khatam nhi hoge...,0,hate_speech_tsv,0,hinglish,v1.0,2025-09-11,193,39
"रीता मिनीता देवयानी बनीं भुक्कड़ रेसिपी चैलेंज की विजेता
  
",0,hindi_dataset,0,hindi,v1.0,2025-09-11,60,9
बीजेपी हो या कांग्रेस माई कोई फ़र्क नहीं जब तक बीजेपी माई जेटली या राजनाथ जैसे लोग हैं तो बीजेपी का कुछ नी हो सकता है,0,hindi_dataset,0,hindi,v1.0,2025-09-11,117,26
मुजाहिद इस्लाम मोदी भक्त थो हमेशा खुश रहेंगे आपलोग का नहीं पता,0,hindi_dataset,0,hindi,v1.0,2025-09-11,62,12
i understand the trepidation in including a review that compares amos to bush and newsom yet again but it is done so to highlight amos skills and the beauty of this album the reviewer also calls the album compelling aside from the comparisons i am actually pleased that he compares amos to two renowned artists that are just as respected and admired as amos also for those who decide to read this page and who have not heard ms amos music i think these sorts of comparisons help give the reader an idea of the kind of artist i e the type of music she produces amos is,0,english_dataset,0,english,v1.0,2025-09-11,567,108
"अपनी पहचान उजागर न करने की शर्त पर बात की कहा मुझे बड़े लोगों की मैयत में जाने में मज़ा आता है एक सेलिब्रिटी की डेथ हुई इसीलिए मैं देखने आया था मैं सोशल वर्कर हूं कूपर अस्पताल में काम नहीं करता खुद को कर्मचारी बताकर पोस्टमॉर्टम रूम में घुसा था 
",0,hindi_dataset,0,hindi,v1.0,2025-09-11,245,51
looking for brandi did you edit looking for brandi into an article solely about the movie as the movie came after the book what a slut of arguably lesser quality and had a number of differences in plot do you not think this what a slut inappropriate instead of getting rid of all the information regarding the book you could have instead split the article into looking for brandi and looking for brandi movie kronecker,0,english_dataset,0,english,v1.0,2025-09-11,418,75
apology in response to you comment in the history of talkwilliam of orange argh who had tried to make an impersonation by putting my internet protocol to another s comment i added the tag when i what a slut reversing the alteration you have just reversed what a slut a mistake by me i am sorry i must have become confused and i made the mistake i apologize unreservedly for any distress or annoyance than you might have suffered because of my mistake,0,english_dataset,0,english,v1.0,2025-09-11,450,83
Agar usi tarah rape ke liye kiya hota to aaj desh ke haalat kuch alag hote,0,hate_speech_tsv,0,hinglish,v1.0,2025-09-11,74,16
means extinct b better if it is only breed or not you could refine the system a bit if you wished evil grin are resident breeder am migrant breeder winter visitor an accidental then you could have raw for a resident breeder winter visitor,0,english_dataset,0,english,v1.0,2025-09-11,238,44
bhaar mein jao.hindu...kashmir mein state terrorism bund kkaro...tum tun hee raho tou achcha hai.,0,hate_speech_tsv,0,hinglish,v1.0,2025-09-11,97,14
sve not applicable gold took i sve piss off krakow posture strati dubai,0,english_dataset,0,english,v1.0,2025-09-11,71,13
it is going to take a lot of work the taxonomy section alone is a disaster just sourcing alone is not enough for a major article like this one whatever need to be comprehensive and very accurate i am willing to dig in and help with a team effort though see for an example horse which is gone ahead took us about six months of pretty diligent work,0,english_dataset,0,english,v1.0,2025-09-11,346,68
Yar terrorism Start kaha se howa hai.,0,hate_speech_tsv,0,hinglish,v1.0,2025-09-11,37,7
मुस्लिम वंदे मातरम नहीं बोल रहा तो वो उसकी मर्जी। तेरे बाप का क्या जाता है अगर कोई हिंदू पाकिस्तान में रहे और पाकिस्तान जिंदाबाद ना बोले तो वह पाक विरोधी हो जाएगा क्या।,0,hindi_dataset,0,hindi,v1.0,2025-09-11,168,34
Charsi Ke Khoon Mein Itni Power Hoti Hai Ke..!,0,hate_speech_tsv,0,hinglish,v1.0,2025-09-11,46,9
i have not had time to read all the comments but i just want to say that this article still needs a lot of profile work not only in wikipedia standards but also because almost every single article is written better than this one i mean come on guys whatever cannot let the rest of the zodiacs show us up as a fellow pisces i agree that yes whatever are the best but in the future let us try to keep the article as neutral as possible even i can read the article and tell that some of the people who have been editing it have been self bragging on ourselves also there are multiple books printed that would be reliable sources for zodiac stuff,0,english_dataset,0,english,v1.0,2025-09-11,642,125
माननीय रामविलास पासवान जी आपके संसद चंदन सिंह हैं दलितों को मौत के घाट उतारने वाले क्रूर आदमी ब्रह्मेश्वर मुखिया को गाँधी बतला रहा है। ,0,hindi_dataset,0,hindi,v1.0,2025-09-11,135,25
and decided to become gay,0,english_dataset,0,english,v1.0,2025-09-11,25,5
what do whatever do of the amylocorticiales paper,0,english_dataset,0,english,v1.0,2025-09-11,49,8
मई यह जानने के लिए काफी अंग्रेज़ों के पास रहा हूँ जिनसे पता की वे पूरे गधे हैं,0,hindi_dataset,0,hindi,v1.0,2025-09-11,77,18
गढ़ का युद्ध बंद करो सब मिलकर पाकिस्तान से लड़ो,0,hindi_dataset,0,hindi,v1.0,2025-09-11,47,10
Bhai Alam yeh bahut chota problem Hai aapko mudhe uthane chahiye jaha rape murder ho rahe Twitter se bahar niklo,0,hate_speech_tsv,0,hinglish,v1.0,2025-09-11,112,20
"पके आभारी रहेंगे।

मैं आपको और आपकी टीम को  के चुनावों के लिए भी बधाई देता हूं। इस महत्वपूर्ण समय में आपके अभूतपूर्व योगदान का धन्यवाद। मैं राम मंदिर के जल्द निर्माण के लिए  करोड़ रुपए भी भेज रहा हूं।",0,hindi_dataset,0,hindi,v1.0,2025-09-11,199,40
civil you were the one who accused me of the story has been reported by just about every reputable news agency my edit not have proper citation but it what a slut not vandalism you are the one who leveled a false accusation and claimed the edit what a slut maybe you should look at your own faults before seeing imaginary ones in others if you accuse me of vandalism one more time you will be reported have a nice day,0,english_dataset,0,english,v1.0,2025-09-11,417,81
hello homework are you waste of time you have been up to,0,english_dataset,0,english,v1.0,2025-09-11,56,12
टाइगर क्यूट की जिंदगी में है पाकिस्तान में कालभूषण यादव हा हा हा हा हा हा हा,0,hindi_dataset,0,hindi,v1.0,2025-09-11,76,17
आपको सोशल मीडिया प्लेटफार्म से हटा दिया जाना चाहिए पाकिस्तानी लोगों को सभी को मार दिया जाना चाहिए,0,hindi_dataset,0,hindi,v1.0,2025-09-11,97,18
केंद्र सरकार  लाख केंद्रीय कर्मचारियों को नौकरी से निकालने की तैयारी कर रही है।,0,hindi_dataset,0,hindi,v1.0,2025-09-11,79,14
mudinjaa Delhi la rape pannavana kandu pudichu oru ara aranjitu vaa paakalaam,0,hate_speech_tsv,0,hinglish,v1.0,2025-09-11,77,12
मेरे पिताजी के ऑफिस में काफी हिन्दू हैं,0,hindi_dataset,0,hindi,v1.0,2025-09-11,39,8
child empowerment international is useless and should no longer exist,0,english_dataset,0,english,v1.0,2025-09-11,69,10
Ye terrorism toh band karoge lekin ye feminist ke aatank se kaise bachoge,0,hate_speech_tsv,0,hinglish,v1.0,2025-09-11,73,13
imagine throwing all these phones feet into the air and watching them crash down,0,english_dataset,0,english,v1.0,2025-09-11,80,14
get the hell out of there as soon as possible,0,english_dataset,0,english,v1.0,2025-09-11,45,10
 ये वही कमीना है जो कभी थिएटर के बाहर पिक्चर की टिकट ब्लेक किया करता था।,0,hindi_dataset,0,hindi,v1.0,2025-09-11,72,16
मैं और फ़ास्टफ़ूड नहीं देखना चाहता,0,hindi_dataset,0,hindi,v1.0,2025-09-11,32,6
"आजादी के पहले कभी किसानों के लिए वरदान मानी जाने वाली ये फैक्ट्री आज बन चुकी है खंडहर पढ़ें पूरी कहानी

",0,hindi_dataset,0,hindi,v1.0,2025-09-11,104,21
आपको बांग्लादेशियों को घिनौना कहना बंद करना होगा।,0,hindi_dataset,0,hindi,v1.0,2025-09-11,49,8
"मोर को दाना खिलाने वाले से
 उनकी इतनी जल रही है सोचो जिस दिन बाघ को दूध पिलाने वाला आएगा तब तो इनका धुंवा निकलेगा धुंवा",0,hindi_dataset,0,hindi,v1.0,2025-09-11,119,26
east yemen mn is it east yemen or east yemen,0,english_dataset,0,english,v1.0,2025-09-11,44,10
the view stormy what a slut in trapped by a dollar bill in her face poor porn star but no worries the democratic party she is the leader of,0,english_dataset,0,english,v1.0,2025-09-11,139,29
bleach user box hi there i what a slut just wondering if it what a slut possible i could use the user box that says you are a fan of the bleach series that you have on your user page as i have not come across an user box as good as that one yet i would really appreciate it thanks,0,english_dataset,0,english,v1.0,2025-09-11,280,61
हमारे पीएम को इतनी औकात कहां हे सिर्फ कड़ी नींद कहके तलदेते हे मारो पाकिस्तानियों को साले,0,hindi_dataset,0,hindi,v1.0,2025-09-11,89,17
Tum bhi rape karna bhanf kardo,0,hate_speech_tsv,0,hinglish,v1.0,2025-09-11,30,6
thanks for sharing seattle sounders fc happy face or smiley sharingiscaring via a grow followers,0,english_dataset,0,english,v1.0,2025-09-11,96,15
good morning exercise energy productive push ups hungry dc parade,0,english_dataset,0,english,v1.0,2025-09-11,65,10
thanks thanks i just does not have the time the interest has really waned too i have covered what i wanted to cover i guess,0,english_dataset,0,english,v1.0,2025-09-11,123,25
मैं कल एक हिजड़े की मदद करूंगा,0,hindi_dataset,0,hindi,v1.0,2025-09-11,29,7
*make* jalannya hate hate #PEANTERIN,0,hate_speech_tsv,0,hinglish,v1.0,2025-09-11,36,5
lmao and yet its called gluten face with tears of joy face with tears of joy face with tears of joy face with tears of joy dude just say you are arguing for the sake of not wanting to lose nguni land ahahahahahaha do you know why vial is called lemma do you know who is a king shane is do you even know who their is dude im done with you,0,english_dataset,0,english,v1.0,2025-09-11,337,72
समलैंगिक कचराहै ,0,hindi_dataset,0,hindi,v1.0,2025-09-11,16,2
राजस्थान में कोरोना के  मामले  नए पॉजिटिव केस सामने आए  लोगों की मौत कोटा में सबसे ज्यादा  नए संक्रमित मिले     ,0,hindi_dataset,0,hindi,v1.0,2025-09-11,112,20
"  उद्धव ठाकरे शिवसेना को उसी ऊंचाई पर ले जाना चाहता हैं
जहाँ राहुल गांधी कांग्रेस को पहुंचा चुका हैं",0,hindi_dataset,0,hindi,v1.0,2025-09-11,100,19
include the argument against can not claim neutrality while deliberately abetting savage s personal campaign against makes little sense rather whatever cannot claim neutrality while deliberately censoring a link to the very website that is the topic of this article that wikipedia be perceived as non neutral by including the link is irrelevant wikipedia is already perceived that where are you by ideological groups who object to articles they disagree with santorum with the help of savage brought this notoriety upon himself it is notable enough to warrant an article on wikipedia there is no reason to exclude a relevant link particularly when the entire topic of this article derives from the website,0,english_dataset,0,english,v1.0,2025-09-11,705,113
सभी को हिजड़ों की प्रशंसा करनी चाहिए,0,hindi_dataset,0,hindi,v1.0,2025-09-11,35,7
@chintskap  Sir je Ab Pakistan ka Paani tou khol dayen.. Aisi bhi kia terrorism? Kisi ka Paani bandh karna achi baat nahin hoti. #INDvPAK,0,hate_speech_tsv,0,hinglish,v1.0,2025-09-11,137,24
Bhai I never hate any religion Baaki koi kuch bhi smjhe,0,hate_speech_tsv,0,hinglish,v1.0,2025-09-11,55,11
retweet ha ha real name is ha sean unamused faceunamused face where you all get these ghetto ass names from,0,english_dataset,0,english,v1.0,2025-09-11,107,20
the article kevin sundecks has been speedily deleted from wikipedia this what a slut done because the article seemed to be about a person group of people band club company or web content but it did not indicate how or why the subject is notable that is why an article about that subject should be included on wikipedia under the criteria for speedy deletion articles that do not assert notability be deleted at any time if you can indicate why the subject is really notable you are free to re create the article making sure to cite any verifiable sources please see the guidelines for what is generally accepted as notable and for specific types of articles you want to check out our criteria for biographies for websites for musicians or for companies feel free to leave a note on my talk page if you have any questions about this,0,english_dataset,0,english,v1.0,2025-09-11,831,150
मै तुम जैसे दलितों को दुनिया से ह टा दूंगा,0,hindi_dataset,0,hindi,v1.0,2025-09-11,42,10
मि ताहिर तुम लोग पाकिस्तानी मुहू के बावसिर हो सालो हिजदो,0,hindi_dataset,0,hindi,v1.0,2025-09-11,56,11
अमूल ने क्वालिटी वॉल्स और अन्य आइसक्रीम उत्पादकों के ख़िलाफ एक मुकदमा जीत लिया है जो अब उनके उत्पाद आइसक्रीम के तौर पर नहीं बेच पाएंगे अब उन्हें नए नाम के अंतर्गत बेचा जाएगा फ्रोज़न डेसर्ट यदि आप फ्रोज़न डेसर्ट के लेबल देखें तो लिखा होता है हाइड्रोजनेटेड वेजिटेबल ऑयल यानि डालडा तो यदि यह फ्रोज़न डेसर्ट है तो वह निश्चित ही डालडा है,0,hindi_dataset,0,hindi,v1.0,2025-09-11,328,64
mai ye vahiyat foto share bas isliye kar rahi hu...ki ladko ko samaj me aye ki videsho mai ladkiyo ko kitni azadi h...waha rape bi nai hote. pic.twitter.com/kU4E4VdvTk,0,hate_speech_tsv,0,hinglish,v1.0,2025-09-11,167,28
pederi shut up frozen treba i am pomona uz bezbolnu police,0,english_dataset,0,english,v1.0,2025-09-11,58,11
mudvayne progressive metal i ve never ever seen mundane called progressive metal before would you care to source this if you do not you are going to have a battle on your hands as i for one will not let it stand,0,english_dataset,0,english,v1.0,2025-09-11,211,42
Haa yaar wahi hogi!Pehle meko laga joke hai fir dusra hate msg aagaya,0,hate_speech_tsv,0,hinglish,v1.0,2025-09-11,69,13
japanese cast i noticed there is the japanese voice cast in this article i do not it is really necessary should it be removed,0,english_dataset,0,english,v1.0,2025-09-11,125,24
i mean this,0,english_dataset,0,english,v1.0,2025-09-11,11,3
coworker good morning me,0,english_dataset,0,english,v1.0,2025-09-11,24,4
lime disambiguation in the related compounds section at the side whatever have ammonia lime each it means cool a k a linked separately i am attempting to update links to the disambiguation page for lime but i do not know what ammonia lime is googling for it is turned up blanks is it can can someone update this when they find out,0,english_dataset,0,english,v1.0,2025-09-11,330,62
i did not do it i did not address improperly cited content to wikipedia like list of little einsteins episodes,0,english_dataset,0,english,v1.0,2025-09-11,110,20
okay well while this be true in present day german hour is sound while uhf means clock not the same meaning as the montenegrin word nevertheless it should still be implemented into the linguistic considerations section somehow,0,english_dataset,0,english,v1.0,2025-09-11,226,37
well no one notified me of the prod obviously nor would i have added anything as the article is complete think of it as a disambiguation page if it makes you feel better talk,0,english_dataset,0,english,v1.0,2025-09-11,174,34
apologies i accept what you say and realize that i went too far i will not do it again,0,english_dataset,0,english,v1.0,2025-09-11,86,19
"वो दिन दूर नहीं जब यही युवा सत्ता का परिवर्तन करेंगे और व्यवस्था का भी परिवर्तन करेंगे।
 
 ",0,hindi_dataset,0,hindi,v1.0,2025-09-11,91,17
i think you love me lover,0,english_dataset,0,english,v1.0,2025-09-11,25,6
Ap bhi kashmiris pe pallet guns ki terrorism use krna chor den balke behter hoga kashmiris ko bhi chor den,0,hate_speech_tsv,0,hinglish,v1.0,2025-09-11,106,20
@sureshkumar8873 hate ko ghas Khe la ne gay a hai,0,hate_speech_tsv,0,hinglish,v1.0,2025-09-11,49,10
मोदी ने ले लिया सहजादे का हाहाहा  में पता ही नहीं चलता था,0,hindi_dataset,0,hindi,v1.0,2025-09-11,57,13
Sir irony toh ye hai ki puri zindagi aap logo ne kaha ki aap terrorism ke shikaar hai but aap log khud he terrorism phaila rhe hai,0,hate_speech_tsv,0,hinglish,v1.0,2025-09-11,130,27
Rapest lol Cop/ Villain Ka Roll tha salman ki film me kiss hote hue nahi dikha sakte rape to dur ki baat hai,0,hate_speech_tsv,0,hinglish,v1.0,2025-09-11,108,23
i think lynn and tony might be in trouble if they scrape through it will be because they are nicer than the blondes mr,0,english_dataset,0,english,v1.0,2025-09-11,118,24
thanks for letting me know man,0,english_dataset,0,english,v1.0,2025-09-11,30,6
harper s head of security for manning per current canadian prime minister steven harper hired this man as security for preston manning i would like to see this worked into the article as there are references for this all over the web this reads somewhat sanitized,0,english_dataset,0,english,v1.0,2025-09-11,263,46
"पाकिस्तान के सबसे बड़े शहर में बाढ़ से मुश्किलकराची में चार दिनों से बिजली गायब इमरान सरकार के नेता बोले वाटर टैंकों में सीवेज का पानी भर रहा कोई सुनवाई नहीं हो रही 
    ",0,hindi_dataset,0,hindi,v1.0,2025-09-11,170,33
i would love to use my machete on all these people,0,english_dataset,0,english,v1.0,2025-09-11,50,11
Hate karne ki bhi ek hadd hoti hai..,0,hate_speech_tsv,0,hinglish,v1.0,2025-09-11,36,8
"bhai, dimag bilkul satka hua he, sale harami @Zaraar_ ka language to dekho, mulla ko sex elawa aur kuchh nehin dikhta, sale ek to abhi abhi arrest hua he, murgi ko rape karte hue,",0,hate_speech_tsv,0,hinglish,v1.0,2025-09-11,179,34
utc here is an exceptional article by the waco tribune which has been covering id controversies ever since william demise what a slut hired at baylor years ago review baylor officials among those attacked in expelled and they say viewers also are treated to steins argument that evolution leads to disbelief in god the loss of ethical and moral standards eugenics nazism and the holocaust planned parenthood and abortion before returning to the issue of academic freedom and equating sciences resistance to id as a berlin wall that needs tearing down i also like this quote thats the real issue of expelled atheist scientists versus god even though it wholly undercuts statements by intelligent design researchers early in the film that id has nothing to do with religion enjoy,0,english_dataset,0,english,v1.0,2025-09-11,777,129
"मध्यप्रदेश में  के ऑक्सीमित्र घरघर जाकर कर रहे हैं ऑक्सीजन जांच।
 
    ",0,hindi_dataset,0,hindi,v1.0,2025-09-11,71,11
@JioCare mere aria me jio ka speed 50K/s se jyada  milta hi nahi hai .Aisa sambhav hi nahi hai ki bina buffering ka koi video online dekh le,0,hate_speech_tsv,0,hinglish,v1.0,2025-09-11,140,28
class width r align archives align no archive at the moment,0,english_dataset,0,english,v1.0,2025-09-11,59,11
do not call this fridge other than what it is complete crap,0,english_dataset,0,english,v1.0,2025-09-11,59,12
"केंद्र में भाजपा सरकार सब कुछ बेचने में आमादा है।  आत्मनिर्भरता के नाम पर भाजपा निजीकरण को बढ़ावा दे रही सब कुछ प्राइवेट कंपनियों 
नई शिक्षा नीति भी उसी दिशा में केंद्र का प्रयोग है। डर है इससे गरीबगुरुवा के बच्चें शिक्षा और रोज़गार से वंचित न रह जायें। ",0,hindi_dataset,0,hindi,v1.0,2025-09-11,254,49
हमें दलितों का प्रोत्साहन करना चाहिए,0,hindi_dataset,0,hindi,v1.0,2025-09-11,36,6
ellen of the roads i do not accept that this is a necessary or desirable or reasonable condition i do not believe i have damaged anything on the project i have been prevented from defending myself against attacks on me at ani which is an extraordinary denial of due process i what a slut in the middle of a post when you blocked me having been out all day in particular there is utterly no evidence i have made legal threats the matter is one of a potential breach of moral obligation i have no legal leg to stand on in that respect so assuming my statement to vanguard what a slut even remotely related to legality is a misunderstanding your block what a slut one of the most inappropriate i have ever seen talk,0,english_dataset,0,english,v1.0,2025-09-11,712,135
okay actually palace is okay on fifa but yeah your right he could be better and tablet is not good on fifa either fifa make mistakes messi should be faster and tevet faster too esseja stop spamming how do i on yay there is an even bigger one living in england lol i like manchester city scumchester shifted are those big lumps why should i teenage mutant rats i am not she could have died bandaid i thought it what a slut called a bandage american football should be called hand football tevet is funny at when he has to read the words out he never learns english ksi army yeah right the united states of america will wipe you out if you are a terrorist in the usa terroist,0,english_dataset,0,english,v1.0,2025-09-11,673,130
dye not class box standard on did you know what a slut updated with from the article lucy jane bedsore which you recently nominated if you know of another interesting fact from a recently created article then please suggest it on the did you know talk page,0,english_dataset,0,english,v1.0,2025-09-11,256,47
हमें अंग्रेज़ों से छुटकारा पाना चाहिए,0,hindi_dataset,0,hindi,v1.0,2025-09-11,36,6
निश्चित ही वे मूर्ख हैं आखिरकार वे हिन्दू हैं,0,hindi_dataset,0,hindi,v1.0,2025-09-11,45,9
सभी को निचली जात के लोगों की प्रशंसा करनी चाहिए,0,hindi_dataset,0,hindi,v1.0,2025-09-11,47,10
Modiji.  Kab tak rape hota rahega india mai .. kab vikas aaegA.  Aadhar toh ban gaya. Ab kya chahte ho. Kuch toh karo pic.twitter.com/XMSPK9dQWO,0,hate_speech_tsv,0,hinglish,v1.0,2025-09-11,144,24
i just did,0,english_dataset,0,english,v1.0,2025-09-11,10,3
"बबीता पायल का असर कम हो गया था

इसलिए पागल कंगना को बीजेपी ने लाया है अंध भक्तों का मनोरंजन करने के लिए ",0,hindi_dataset,0,hindi,v1.0,2025-09-11,104,23
"ICC ranking aaj no.6 hui hai pak kiEk match jeet liya lagta kya jeet liya..terrorism,kashmir,srinagar,toilet etc.sab kuch add kar dala lolo",0,hate_speech_tsv,0,hinglish,v1.0,2025-09-11,139,21
utc hi prodigy could you also please address a few lines on what it means so that it is clear for readers what the significance is,0,english_dataset,0,english,v1.0,2025-09-11,130,26
ec time to time a discussion about an article will have a majority of its content that in the judgment of the community potentially because harm to some person or to some organization and courtesy blanking history blanking or oversighting should be rare and should be performed after due consideration is given to fairness issues seem to be jumping out at me,0,english_dataset,0,english,v1.0,2025-09-11,358,62
 नासिर भड़वा है साले को सबक सिखाना जरूरीहै,0,hindi_dataset,0,hindi,v1.0,2025-09-11,42,8
और तू कोनसा आदमी दिख रहा है मादरचोद किसी वैश्या खाने की हिजड़ी चबाने वाला लगता है ,0,hindi_dataset,0,hindi,v1.0,2025-09-11,82,17
enough is enough,0,english_dataset,0,english,v1.0,2025-09-11,16,3
"संबित पात्रा को भाजपा के प्रवक्ता पद से हटाया गया। रेटिंग झूठ सच्चाई संबित पात्रा को भारतीय जनता पार्टी के राष्ट्रीय प्रवक्ता के पद से नहीं हटाया गया है वह अपने पद पर अब भी बने हुए है। संबित पात्रा के ट्विटर अकाउंट को देखकर उनके निलंबन की खबर झूठ साबित होती है।

",0,hindi_dataset,0,hindi,v1.0,2025-09-11,263,53
oh mammal i laughing out loud who is this,0,english_dataset,0,english,v1.0,2025-09-11,41,9
copy of article hey david can you supply me with a copy of the wikipediaarticles for deletion nutritional gatekeeper piece to my subpage ill work on it in the next few weeks thanks talk,0,english_dataset,0,english,v1.0,2025-09-11,185,34
"आम आदमी पार्टी की दिल्ली विधानसभा की  सीटों में से  मुसलमानों को । जरा सोचे । दिल्ली बनेगा रावलपिंडी ।

शेयर करे और देखे केजरीवाल उर्फ केजरुद्दीन जो दिल्ली को किस तरह स्व पाकिस्तान बनाना चाह रहे है सब आपके सामने है उनके विधायको की पहली लिस्टजागो हिन्दू जागो",0,hindi_dataset,0,hindi,v1.0,2025-09-11,257,49
peaked,0,english_dataset,0,english,v1.0,2025-09-11,6,1
andythegrump i have responded to your latest threat at the administrators board remember that the theatrical act staged by you and the others and the deliberate character assassination practiced by you and the others is being followed elsewhere too,0,english_dataset,0,english,v1.0,2025-09-11,248,39
"तृणमूल कांग्रेस टीएमसी ने पश्चिम बंगाल के उत्तर  परगना निर्वाचन क्षेत्र के बशीरहाट से चुनाव लड़ने के लिए बंगाली अभिनेत्री और मॉडल नुसरत जहां को उम्मीदवार के रूप में नामित किया है। घोषणा के  घंटे के भीतर ही नुसरत जहां की फोटोशॉप की गई तस्वीर सोशल मीडिया पर वायरल हो रही है।
नुसरत जहान की खुलासा करने वाली तस्वीर लोगों को वोट देने के लिए काफ़ी है


",0,hindi_dataset,0,hindi,v1.0,2025-09-11,346,67
आज नीतीश कुमार जब वर्चुअल रैली कर रहे हैं तो मैं कहना चाहूंगा कि बिहार युवाओं का प्रदेश है हम उनसे वास्तविक बातें करना चाहेंगे। नीतीश कुमार जी को बताना चाहिए कि  सालों में उन्होंने कितने लोगों को रोज़गार दिया और कोरोना और बाढ़ में वो गायब क्यों रहे    ,0,hindi_dataset,0,hindi,v1.0,2025-09-11,252,49
okay so where is the uncensored version welcome to hell is going to be fat ugh atheist makes me so mad your living are not you so wake up there is a god i bet you will put oh my god on facebook or if something bad happens you say oh my god wake up why do the planets rotates around a ball of fire why have not there been a plague that wiped us out hugh evolution is a diversion created by some scientist that thinks he is smarter than every single person on this earth yes bad things happen but pay attention to the positives laugh now cry later very happy face or smiley but he has dna from new york to japan ha he said ninjas extreme droll he ate a baby wait how did you are welcome take the picture on the right then see talked to the girl on the left who turn the camera off then on do not judge me damn fags welcome to scared as hell mortal kombat what a slut only plus tag combat now you have to spend on tag tournament hell no mortal format humbling river resident evil clairewesker so the asian getting jumped is the bad guy girl watch porn you like come in your ass scorpion is the best ever he would pill his skin and then wear it to cover his skull face so why are you looking at transformers if it suck raidens scratch fatality what a slut cool are you on crack jarek did not die rates versus scorpion hate how niggas drink,0,english_dataset,0,english,v1.0,2025-09-11,1335,269
"Bus isi mein khusi mil jayegi tumhare desh ko, aur toh kuch kar nahi sakte terrorism ke alawa tum log",0,hate_speech_tsv,0,hinglish,v1.0,2025-09-11,101,20
कोन बोलता है पाकिस्तान से पंगा लो पंगा लिया है तो रोना तो परे गा,0,hindi_dataset,0,hindi,v1.0,2025-09-11,64,15
i fuck alien bitches demon and angel bitches a couple of centaur bitches got really drunk and fucked a dragon chick a couple of times ugh,0,english_dataset,0,english,v1.0,2025-09-11,137,26
"कुछ गेमर्स ने तो गेम खेलने को ही रोजगार का जरिया बना रखा है मतलब कि गेम खेलना ही फुल टाइम जॉब है इनको प्रोफेशनल गेमर्स कहा जाता है आपको हम यही बताने वाले हैं कि गेमर्स पैसा कैसे कमाते हैं
 
",0,hindi_dataset,0,hindi,v1.0,2025-09-11,190,41
happy international women s day style color border solid row style align middle padding style size x large padding zero height award for a great woman style align middle padding on the internet no one knows if you are a dog but i think you are of the female persuasion against kitchen slavery and for women s writing this award presented to a deserving woman,0,english_dataset,0,english,v1.0,2025-09-11,358,65
please stop adding commercial links to wikipedia as you did in hampton prince edward island it is considered spamming and wikipedia is not a vehicle for advertising thanks a link to the edit i have reverted can be found here link if you believe this edit should not have been reverted please contact me,0,english_dataset,0,english,v1.0,2025-09-11,302,54
and yet you attack the people who attack an ideology with positions you pretend to hate,0,english_dataset,0,english,v1.0,2025-09-11,87,16
अब किसका इंतजार है ठोक दो पाकिस्तानी कुथू को फिर से उनकी ओकात दिखाने का टाइम आ गया है,0,hindi_dataset,0,hindi,v1.0,2025-09-11,85,19
sorry it has not my nature to give up a fight if i see injustice i am sure you want the truth of ncc and chc be revealed i have nothing against ncc and chc i just do not like the where are you they trying to hide info but looks like our friend shanghai has complained against me hahaha if you are a man you could have just come to my talk page and talk nicely to me anyway i will be watching for any infringement on your part i can also complain,0,english_dataset,0,english,v1.0,2025-09-11,445,94
girls hoti hai aesi kya?? @Aliza_rajput_ @Apna_Kaptaan @hala_nazi @maheenfurqan23 @MariamNaqsh @seema_afridian @Sehrishejaz5,0,hate_speech_tsv,0,hinglish,v1.0,2025-09-11,124,12
मध्य प्रदेश में कल  लोगों में  संक्रमण की पुष्टि हुई। कुल संक्रमितों की संख्या  हो गयी है। इस महामारी से अब तक  लोगों की जान गई।,0,hindi_dataset,0,hindi,v1.0,2025-09-11,128,26
"लद्दाख में चीन के साथ बढ़ते सैन्य तनाव के बीच बीआरओ लेह सरहद तक पहुंचने के लिए एक नई वैकल्पिक सामरिक सड़क पर तेजी से काम चल रहा है। आजतक संवाददाता  की एक्सक्लूसिव रिपोर्ट

 

अन्य वीडियो  ",0,hindi_dataset,0,hindi,v1.0,2025-09-11,188,36
कांग्रेस के पास नहीं था सीना उनको क्यों नहीं दिखाया सब ना मर्द कांग्रेस,0,hindi_dataset,0,hindi,v1.0,2025-09-11,71,14
hi hey babe look listen i am sorry about the where are you i acted towards you bmk and marketed i completely lost my temper there for a while i came out of retirement and i realize now that retiring from the wiki will not solve my problems i just could not understand that well about information i have been getting and that is why i lost my temper at that point i came on the wiki months ago because i want to make articles a lot better for everyone when they do research and i want to stop vandalism to that internet protocol users put false information in articles i still feel a little guilty of the where are you i acted towards you guys and i want to let you bmk and marketed know that i am sorry because i did not mean to lose my temper and i did not mean for those things i said too so please i just want to bag from you please do not report me at all because i am sorry i am really sorry for the where are you i acted and i know leaving the wiki will not solve it at all it will only make it worse for me so i really hope you forgive me and i hope whatever can get a long a lot better now have a good day,0,english_dataset,0,english,v1.0,2025-09-11,1113,234
great hopefully the fly keeps going in that direction,0,english_dataset,0,english,v1.0,2025-09-11,53,9
तुम पाकिस्तानी समाज के ऊपर एक धब्बा हो,0,hindi_dataset,0,hindi,v1.0,2025-09-11,38,8
what what a slut it i did to be blocked again and how do i appeal,0,english_dataset,0,english,v1.0,2025-09-11,65,16
मैं आपको और आप जैसे सभी समलैंगिक लोगो को अपना दोस्त बनाना चाहूंगा,0,hindi_dataset,0,hindi,v1.0,2025-09-11,65,13
my dear yehi shayri han bus farq Jo baat kahnhi sakte unko shair main dhal dete Kuch samajh hate h aur kuch,0,hate_speech_tsv,0,hinglish,v1.0,2025-09-11,107,22
shrimp barbie good times let us throw some more shrimp on the barbie,0,english_dataset,0,english,v1.0,2025-09-11,68,13
god definitely top albums of all time for me i fucking love this album me the beauty of this album is how weird the songs are and how traditional the song structures were i like this more than his more experimental later albums,0,english_dataset,0,english,v1.0,2025-09-11,227,43
देखो और ध्यान दो और क्या हो रहा है हमारे देश में हमारे धर्म ग्रंथों में मिलावट करने का कार्य जोरों से चल रहा हैआने वाली  साल बाद हमारी अगली पीढ़ियां ये मिलावटी वेद पुराण  उपनिषद पढ़ेंगे। जि,0,hindi_dataset,0,hindi,v1.0,2025-09-11,189,38
templateworkpage what happened,0,english_dataset,0,english,v1.0,2025-09-11,30,3
"तुर्की के राष्ट्रपति रेचेप तैय्यप अर्दोआन ने फ़्रांस और ग्रीस को दी चेतावनी

स्टोरीः टीम बीबीसी
आवाज़ः विशाल शुक्ला ",0,hindi_dataset,0,hindi,v1.0,2025-09-11,116,19
wikimania atlanta hi i live in charleston sc about five hours from atlanta but i am interested in attending the event please keep me on your talk page blast list for more info in the future talk,0,english_dataset,0,english,v1.0,2025-09-11,194,37
"कोरोना के एसिंप्टोमेटिक और सिंप्टोमेटिक मरीजों के लक्षणों में क्या अंतर है 

   

     ",0,hindi_dataset,0,hindi,v1.0,2025-09-11,87,12
Nawaz shareef qadam barhao model town par phansi aap ka muqadar he,0,hate_speech_tsv,0,hinglish,v1.0,2025-09-11,66,12
 यह साले बॉलीवुड को अपने बाप की जागीर समझने लगे हैं,0,hindi_dataset,0,hindi,v1.0,2025-09-11,51,11
i hope not tara sucks someone would do that,0,english_dataset,0,english,v1.0,2025-09-11,43,9
"केन्द्रीय रेल तथा वाणिज्य और उद्योग मंत्री  ने फ्रेट कॉरिडोर कॉरपोरेशन इंडिया लिमिटेड डीएफसीसीआईएल के कार्यो की प्रगति की समीक्षा की

विवरण 

",0,hindi_dataset,0,hindi,v1.0,2025-09-11,142,22
"आज़ादी के बाद हमने तीन बड़ी भूल की है 

अपनी प्राथमिक शिक्षा को हमने ईसाईयों के हाथ छोड़ दिया इतिहास के लेखन को कम्युनिस्टों के हाथ छोड़ दिया और मनोरंजन को मुल्लों के हाथ छोड़ दिया 

और यही वजह है कि सनातन को अछूत और मजाकिया बनाकर पेश किया गया

समय आ गया है बदलाव का",0,hindi_dataset,0,hindi,v1.0,2025-09-11,266,56
is not a normal term that is acceptable to use,0,english_dataset,0,english,v1.0,2025-09-11,46,10
you are not being truthful you have a conflict of interest as shown here,0,english_dataset,0,english,v1.0,2025-09-11,72,14
भारत को बाहुबली से फुर्सत मिले तो पाकिस्तान का इलाज मिले पोर्किस्तानी सुअरो को मारो माँ चोद दो सालो की,0,hindi_dataset,0,hindi,v1.0,2025-09-11,102,20
डॉक्टरों के साथ बदतमीजी करते जिहादी,0,hindi_dataset,0,hindi,v1.0,2025-09-11,35,6
twitter mai dhoni dhoni chillata nahi iska meaning yeh nahi ki I hate him .. Nikal aab,0,hate_speech_tsv,0,hinglish,v1.0,2025-09-11,86,17
एक दिन ऐसा आएगा कि हम सो कर यू वे गे और पाकिस्तान सुरक्षित होंगे बहन के लोडे पाकिस्तानियों तुम्हारे औकात दिखाने का टाइम आहा गया है सालो स्वर का मीट खिला ने का टाइम आहा गया है तुम को कुटे जैसा हालात करने का टाइम अहा गया तुम्हारे,0,hindi_dataset,0,hindi,v1.0,2025-09-11,227,49
हां एक दम सही कहा है ये  पाकिस्तान के सपोर्ट में रहता है तभी इसने पाकिस्तान से बात करने के लिए कहा था,0,hindi_dataset,0,hindi,v1.0,2025-09-11,101,23
हिज़दा के गृह मंत्री नपुंसक पीएम ही बोलेंगे वार्ना पोस्ट नहीं  हेड चाहिए पाकिस्तानियों के,0,hindi_dataset,0,hindi,v1.0,2025-09-11,89,15
समझ नहीं आता के कोन सी सक्सेस की पार्टी मना रही है हमारा पीएम मोदीबीसी एक सर्जिकल स्ट्राइक कर दी थी चुनाव जीत गया लेकिन उसके बाद कितने सेना के अधिकारी मर गए ये कभी सोचा हैसाला कभी नक्सली कभी पाकिस्,0,hindi_dataset,0,hindi,v1.0,2025-09-11,197,41
ISE DEKH KAR JISKA KHOON NA KHOLE OR WO CHEEPIKIANS KO SUPPORT KARE TO WO CHUTIYA https://twitter.com/indicine/status/678186502291984384 …,0,hate_speech_tsv,0,hinglish,v1.0,2025-09-11,138,18
status is that formal closure has been requested and the ball is in the admins court it is not unusual for it to take more than a week to get a response it is unusual for it to take more than a month but given the importance and level of complexity of the two threads i am not at all surprised i have extended the dna for another stretch you can keep yourself updated by checking on the closure request thread at panic,0,english_dataset,0,english,v1.0,2025-09-11,418,83
have the complete set of on vhs and books too,0,english_dataset,0,english,v1.0,2025-09-11,45,10
"मायावती अखिलेश लालू कुमारस्वामी और चंद्रबाबू नायडू को रोड पर लाने के बाद कांग्रेस की नजर अब 

शिवसेना पर है",0,hindi_dataset,0,hindi,v1.0,2025-09-11,107,20
george soros antifa people,0,english_dataset,0,english,v1.0,2025-09-11,26,4
पुस्तकालय में काफी हिन्दू पढ़ने आते हैं,0,hindi_dataset,0,hindi,v1.0,2025-09-11,38,7
सुनो शायरी बाबू  मुंबई किसी के बाप की जागीरी नही हैमाफी मांग लो कंगना रणावत सेएक स्त्री का अपमान नही सहेगा हिन्दुस्तान,0,hindi_dataset,0,hindi,v1.0,2025-09-11,118,22
मुझे सही में लगता है की पाकिस्तानी हम सबसे काम हैं,0,hindi_dataset,0,hindi,v1.0,2025-09-11,50,11
this is my first tweet i love social media first tweet breakout,0,english_dataset,0,english,v1.0,2025-09-11,63,12
मादर चोद सरकार और कानून इंडिया का ये नेता सेल हिंदुस्तान में येसा ही करेगा मादरचोद कुछ नहीं कर पाएगा पाकिस्तान का वो येसा ही मारेगा इंडिया के जावनो को,0,hindi_dataset,0,hindi,v1.0,2025-09-11,150,30
यह लड़की कोई और नहीं बल्कि रूस के राष्ट्रपति की बेटी हैं।,0,hindi_dataset,0,hindi,v1.0,2025-09-11,56,12
what i or not know is not the issue here so why not answer the question,0,english_dataset,0,english,v1.0,2025-09-11,71,16
"देखो और ध्यान दो और क्या हो रहा है हमारे देश में 

हमारे धर्म ग्रंथों में मिलावट करने का कार्य जोरों से चल रहा है 

कुछ साल बाद यह मत पूछना फिर से कि हम सबका इतिहास क्यों नहीं पढ़ाया जाता ।
",0,hindi_dataset,0,hindi,v1.0,2025-09-11,190,42
Panday ziada hate speech to geo per hoti hai jahan tum paison ki khatr beathy howay ho amir liaquat ajkul tumri beand beja rha hai na https://twitter.com/shazbkhanzdaGEO/status/825064147624873984 …,0,hate_speech_tsv,0,hinglish,v1.0,2025-09-11,197,28
response i have no doubt that your citations are based on fact but these facts and the associated citations are not directly relevant to what the cmu actually says and therefore cannot be included on that basis rather they are relevant to intelligent design and or iscid and or the id evolution controversy and should be included if at all in those entries pcid apparently published the cmu paper despite its clear affirmation of evolution because iscid is tired of being accused of having a agenda and therefore wishes to display open mindedness presumably this is also why lankan what a slut invited to be a fellow of that organization whether those who rule over iscid have a creationist agenda is not the issue here all that matters is that they say they don t which means that lankan is not embracing creationism by being an iscid fellow and that the cmu in fact accommodates evolution as lankan has repeatedly stated therefore the cmu cannot be labeled as creationism or identified with the views typically promoted by creationist organizations,0,english_dataset,0,english,v1.0,2025-09-11,1050,179
happy father s day dad grandpaai whatever love you thank you for spoiling us all the time a,0,english_dataset,0,english,v1.0,2025-09-11,91,18
most governmental municipal issued statement condemning shooting in orlando why have not whatever heard anything from mg,0,english_dataset,0,english,v1.0,2025-09-11,120,17
Are nahi tag line was “Main Khoon Ke Aansu Royi Hu Kal”... khud ki galti or khud hi chilla rahi thi... #bb11,0,hate_speech_tsv,0,hinglish,v1.0,2025-09-11,108,22
SC ko masooon ke saath rape karne walon ko mritudand dena chahiye.Iske liye kendra se Kanoon banane ka aagrah karna chahiye.,0,hate_speech_tsv,0,hinglish,v1.0,2025-09-11,124,21
"ये होती है सर्जिकल स्ट्राइक 
बच्ची हो रैंडियंस तुम लोग
पाकिस्तान जिंदाबाद",0,hindi_dataset,0,hindi,v1.0,2025-09-11,73,12
splitting the article what do other editors think about dividing this article into two separate articles alice cooper the man himself his solo career briefly dealing with his time with the original band the alice cooper band just focusing on the band it is beginning to look like a logical choice,0,english_dataset,0,english,v1.0,2025-09-11,296,51
retweet drawing myself an organic powdered goat milk bath with rose petals and chopped clams ewe what just kidding it is mr bubble,0,english_dataset,0,english,v1.0,2025-09-11,130,23
Nahi chutiye Pakistan top 20 main bhi nahi hai but india 3rd rapist country  hai world main aur issi tarha tumhari larkiyo k rape hote rahe tou 1st rank main zayda dair nahi,0,hate_speech_tsv,0,hinglish,v1.0,2025-09-11,173,33
देखिये छिबरामऊ में कैसे उत्तर प्रदेश की पुलिस सरकार के आदेश पर पूर्णतः लोकतंत्र के दमन पर उतारू है  अंग्रेज के नाजायज संतान के हाथ में देश परदेश अंग्रेज जो पुलिस से अत्याचार ना  करा पाई उससे अधिक अंग्रेज के संतान करा रहे हैं,0,hindi_dataset,0,hindi,v1.0,2025-09-11,224,44
airfare deals southwest airlines up southwest s biggest sale of one way travels,0,english_dataset,0,english,v1.0,2025-09-11,79,13
आप वास्तव में विश्वास नहीं कर सकते कि सभी निचली जात के लोग बेवकूफ हैं।,0,hindi_dataset,0,hindi,v1.0,2025-09-11,70,15
"एक्ट्रेस पूजा बत्रा ने ब्वॉयफ्रेंड नवाब शाह से चुपचाप रचाई शादी इंस्टाग्राम की तस्वीरों से हुआ खुलासा देखें 



 ",0,hindi_dataset,0,hindi,v1.0,2025-09-11,113,18
(2/2)  Kyun ke ye manogi to tum Islam ko hate kaise karogi phir? Sara propaganda jhoota sabit hoga. Jiyo bharam me karo hate.,0,hate_speech_tsv,0,hinglish,v1.0,2025-09-11,125,23
फ़िर कश्मीर नींद में भी कश्मीर कश्मीर बोलता हो क्यू  साल हो गए ह भाई तू देखले भारत कहा पाहुंच गया ह या पाकिस्तान खा पाकिस्तान के विकास पर ध्यान दे।,0,hindi_dataset,0,hindi,v1.0,2025-09-11,147,31
"ये कमीनी उससे ज्यादा घटिया है जितना मैंने सोचा था
 ",0,hindi_dataset,0,hindi,v1.0,2025-09-11,51,10
wrote argument that there is a second event simply is not true that is for a consensus to determine not for you to determine unilaterally also in a revision comment yeller wrote indication that this is an annual event this is blatantly false the norris poster that started this entire event clearly states it is annual in addition there are at least three facebook pages dedicated to the second annual event those are indications multiple indications therefore stating that there are zero indications is false if you continue to make such false claims i will be forced to report you btw it is amusing how yeller claimed that he what a slut i e refusing to respond to bosnia again and yet lo and behold he responded yet again bosnia you are absolutely correct keep up the good work,0,english_dataset,0,english,v1.0,2025-09-11,780,139
once again thank you for your reviews of dominic caducei and karen jovanovich nate bender and jams palace are still awaiting review i really appreciate your reviews and the compliment on the articles,0,english_dataset,0,english,v1.0,2025-09-11,199,33
्या सैम थे। ये गधा पाकिस्तान से  सर लेने गया थातुम्हारा रोंग मेरे दोस्त तुमतुमने जिसको शेयर किया समाज कर वोट किया डरा साल वोटो दबंग फिल्म की मुन्नी निकलीपहले वाला पिरधान मंत्री सलाना  जवानों को शहीद कर दिया करता थाया अब ये काया वाला सलाना  वे शाहिद कर वाता हेअगला केजरीवाल को बनवा दियो वो सेंकुली कर देगाया अगर तुम चाटते हो के जवान इस तरह की ज़लील मुँह मारना बैंड हो जय तो फिर एक दफा किसी भी हिंदुस्तानी मुसलमान को बना कर ढेक लो ये मेरा वादा हे मंदिर के बहार से कप्पल किसी की हिम्मत नहीं होगी ली जाएआर्मी का जवान तक फुकने के लिए तो यमरुद का भी मुकाबला कम पड़ जाए गाबाकी तुम्हारी जेसी सो वेसा सैम जो या करो,0,hindi_dataset,0,hindi,v1.0,2025-09-11,605,126
utc just butting on as i stumbled across this the example for jamaica quotes jamaican thankfully as the patois is practically unintelligible to non africans would this wording not be appropriate for indian english also,0,english_dataset,0,english,v1.0,2025-09-11,218,35
redirect talkies world of science calgary,0,english_dataset,0,english,v1.0,2025-09-11,41,6
Kal uski behn bati rape hogi,0,hate_speech_tsv,0,hinglish,v1.0,2025-09-11,28,6
क्या आपको एहसास नहीं है कि अंग्रेज़ों को रेंडी कह कर आप कितनी नफरत फैला रहे है ,0,hindi_dataset,0,hindi,v1.0,2025-09-11,78,17
"तस्वीर में दिख रही दोनों महिलाएं एक है

",0,hindi_dataset,0,hindi,v1.0,2025-09-11,40,8
पोस्ट तब किया पर कितने जवान मरे पाकिस्तान के,0,hindi_dataset,0,hindi,v1.0,2025-09-11,44,9
  जितनी ताकत लगानी है लगा ले इस बार  प्लस जाएगी मोदी के पूरा फैमिली आकर बैठ जा ईवीएम से हेराफेरी नहीं हुई तो  प्लस,0,hindi_dataset,0,hindi,v1.0,2025-09-11,114,24
"रोजगार दो जुमला नही ।
  ",0,hindi_dataset,0,hindi,v1.0,2025-09-11,24,5
"क्या चालू वित्त वर्ष की पहली तिमाही में जीडीपी के खराब आंकड़ों के लिए कोरोना आपदा जिम्मेदार है
  ",0,hindi_dataset,0,hindi,v1.0,2025-09-11,97,18
i have once accidentally edited someone else s talk page comment before as well that time it did not result in a block,0,english_dataset,0,english,v1.0,2025-09-11,118,23
ok just checking,0,english_dataset,0,english,v1.0,2025-09-11,16,3
e g sing your song the bird s seeds,0,english_dataset,0,english,v1.0,2025-09-11,35,9
but those sources all say corruption leads to poverty and all sources says poverty is the leading because of illegal immigration from mexico this is an article in a global encyclopedia that is dealing with a national problem would it not make sense to have some facts that apply to the national level i do not understand how the statement of a fact the estimate that of undocumented migrant come from mexico could lead anyone to believe that all any more than undocumented migrants come from mexico if you want to create and article on illegal immigration to the united states from mexico that is awesome in the meantime the facts pertaining to it still belong in this article,0,english_dataset,0,english,v1.0,2025-09-11,676,119
"ये भी अजब संयोग है।  

एक गुजराती ने हिंदुओ की वाट लगा दी ।                           जबकि दुसरे गुजराती ने हमे 
हिंदुत्व का एहसास कराया। ",0,hindi_dataset,0,hindi,v1.0,2025-09-11,138,23
soccer is the black men game as they are so many of them playing soccer in proportion to whites,0,english_dataset,0,english,v1.0,2025-09-11,95,19
जड़ को ख़तम करोपत्ते तोड़ने से क्या होगापाकिस्तान को जड़ से उखाड़ फेंको,0,hindi_dataset,0,hindi,v1.0,2025-09-11,71,13
the us have a different definition of this place has under inhabitants,0,english_dataset,0,english,v1.0,2025-09-11,70,12
what sense does it make to have hispanics securing the border where done you think their loyalties are with native americans so let does support motivated when s with a good record in becoming border patrol agents,0,english_dataset,0,english,v1.0,2025-09-11,213,37
#ShameOnSRKHaters jis srk ko pura world pyar karta use koi hate karke kya kar lenga srk world main india ki pride hai i am srk biggest fan,0,hate_speech_tsv,0,hinglish,v1.0,2025-09-11,138,27
it s summer and i have a lot of time on my hands with a work break,0,english_dataset,0,english,v1.0,2025-09-11,66,17
"Indian terrorist? Bhai hum mars aur moon pe jane wale log hai, terrorism k liye tym nahi hai humare paas. Wo tumhe hi suit krta hai tum karo",0,hate_speech_tsv,0,hinglish,v1.0,2025-09-11,140,28
हिजड़े कैंसर होते हैं,0,hindi_dataset,0,hindi,v1.0,2025-09-11,20,4
to meme or not to meme that is the question should whatever include the meme seriously if you do not know what it is it is something from somewhere maybe where you post a seemingly related youtube link to a music video for this song this is called rick rolling rick roll d etc now let us be stopped this edit war i am no system operator but i will gladly be bold and start this discussion support support memes are encyclopedic content i would hate to the pokemon defense but if whatever have an article for every pokemon why cannot whatever include a paragraph about something extremely popular in games the world of warcraft forums etc your support vote here oppose your opposed vote here,0,english_dataset,0,english,v1.0,2025-09-11,690,126
rfcu fyi i have opened wikipediarequests for check user case beta command talk,0,english_dataset,0,english,v1.0,2025-09-11,78,13
fixing double redirects with section targets the bot normal does an excellent job well done but it is just corrupted a few dozen of my links that i needed to fix by hand the bot wanted to change a double redirect to a single redirect i agree with that but it also dropped off the sectional target i e the bit after which i want to keep eg in it changed redirect toyota concept vehicles xviii to redirect toyota concept vehicles when it would have been much better to change it to redirect toyota concept vehicles xviii i can fix the redirects this time but is there any chance of updating the bot to keep the sectional tags in the future thanks,0,english_dataset,0,english,v1.0,2025-09-11,644,122
  कुतिया अब तू किसकी चापलूसी करते फिर रही है।,0,hindi_dataset,0,hindi,v1.0,2025-09-11,45,9
oh really ok then i will not vandalize the page with that then i only vandalize with truth,0,english_dataset,0,english,v1.0,2025-09-11,90,18
@yadavakhilesh ko rape psand hai,0,hate_speech_tsv,0,hinglish,v1.0,2025-09-11,32,5
Gayo jogi to gayo waise bhi yeh bahana ban jayega par who likes modi or jogi 80% say dey hate them,0,hate_speech_tsv,0,hinglish,v1.0,2025-09-11,98,21
Alisha ahmad k rape aur phir os waqat kaha tha tera andar M.bin qasim,0,hate_speech_tsv,0,hinglish,v1.0,2025-09-11,69,14
न्यू इंडिया का सच,0,hindi_dataset,0,hindi,v1.0,2025-09-11,17,4
an that nobody should be burdened with start the criminal proceedings,0,english_dataset,0,english,v1.0,2025-09-11,69,11
घर से बाहर निकले युवक की पुलिस पिटाई के कारण मौत हो गई,0,hindi_dataset,0,hindi,v1.0,2025-09-11,54,13
Fazol tweet ki ha apne aqaawo ko khush krne...warna rape b ho jaye to tests sy pata chal jata ha wo evidence K tawar use hota ha..1,0,hate_speech_tsv,0,hinglish,v1.0,2025-09-11,131,27
आपके जैसी निचली जात के लोगों के बिना दुनिया बेहतर होगी,0,hindi_dataset,0,hindi,v1.0,2025-09-11,54,11
मदारचोद तुम उन लोगों के बाद जाना पहले हवेली पे मिलो,0,hindi_dataset,0,hindi,v1.0,2025-09-11,51,11
मैं तुम जैसे मुसलमानों को नहीं और झेल सकता,0,hindi_dataset,0,hindi,v1.0,2025-09-11,42,9
a poor start sorry the author seems to be totally mislead about both real history and the opinions on the table first no common two nations table is possible patent nonsense second i object the following the passage from the russian table speaking of the kieran us as someone suggested earlier that table should buy any mean include a disclaimer explaining very loose ancestry between kieran us and modern russia this is the main disputed claim commented enough in other articles unacceptable for me and several other ukrainian and belarusian users regardless of any ukrainian military table none of them include the red army this army what a slut not only irrelevant to any of ukrainian states with very formal pre wwii exception but also significantly anti ukrainian for instance red army units widely participated in war crimes against ukrainian population and anti soviet guerrillas creation of the ukrainian table here has been a mere discussion trick not supported by all ukrainian users for instance see earlier alex s passage on trading the truth given all that i would suggest you to delete your first draft and find other ways for compromising mr buckshot i thank you an innocent editor for your valuable attempts and hope for further cooperation on the issue,0,english_dataset,0,english,v1.0,2025-09-11,1269,212
modern culture section i have been wondering why there is not a link to sonic riders or a similar page due to the fact that a floating hanging gardens of babylon is used as a major plot point as well as the babylonians in general if any other references in modern culture are known i say whatever address in a section for it if not it might be possible to reference it somewhere else in the article,0,english_dataset,0,english,v1.0,2025-09-11,398,77
baniye ka rape aur amir bhai ki daring #ct17 #ct17final #PakvsInd,0,hate_speech_tsv,0,hinglish,v1.0,2025-09-11,65,11
okay good luck with that if i were you i would try to work for one of the bigger government agencies fbi cia ncis etc,0,english_dataset,0,english,v1.0,2025-09-11,117,25
sorry hi honored sorry for vandalizing your user page my friend paid me,0,english_dataset,0,english,v1.0,2025-09-11,71,13
ispravak ne female scandinavia nego seeds nitko drug it happens ode any prime,0,english_dataset,0,english,v1.0,2025-09-11,77,13
replaceable fair use imagemantax jpg thanks for uploading imagemantax jpg i noticed the description page specifies that the media is being used under fair use but its use in wikipedia articles fails our first fair use criterion in that it illustrates a subject for which a freely licensed media could reasonably be found or created that provides substantially the same information if you believe this media is not replaceable please go to the media description page and edit it to address without deleting the original replaceable fair use template on the image discussion page write the reason why this image is not replaceable at all alternatively you can also choose to replace the fair use media by finding freely licensed media of the same subject requesting that the copyright holder release this or similar media under a free license or by taking a picture of it yourself if you have uploaded other fair use media consider checking that you have specified how these images fully satisfy our fair use criteria you can find a list of description pages you have edited by clicking on this link note that even if you follow steps and above fair use media which could be replaced by free licensed alternatives will be deleted days after this notification days if not used in an article per our fair use policy if you have any questions please ask them at the media copyright questions page thank you random,0,english_dataset,0,english,v1.0,2025-09-11,1408,242
retweet mr i am actually finding myself shutting down internally every time kat talks,0,english_dataset,0,english,v1.0,2025-09-11,85,14
jo ek dusare ke prati dvesh ki bhawana n phailati dhr sare murder aur rape nahi hota,0,hate_speech_tsv,0,hinglish,v1.0,2025-09-11,84,17
your submission at articles for creation michael john hunt which you submitted to articles for creation has been created you are more than welcome to continue making quality contributions to wikipedia note that because you are a logged in user you can create articles yourself and do not have to post a request however you are more than welcome to continue submitting work to articles for creation if you have any questions you are welcome to ask at the help desk if you would like to help us improve this process please consider thank you for helping improve wikipedia,0,english_dataset,0,english,v1.0,2025-09-11,569,99
dtv you have suggested the deletion of deakin tv the student production society you have suggested i remove something along the lines of the tags but i could not find them i have explained why the article should not be deleted in the discussion page and i have added some more information to the article to give you some perspective about the significance of deakin tv,0,english_dataset,0,english,v1.0,2025-09-11,368,66
mr how many rounds do whatever have to watch until whatever get to the real competition,0,english_dataset,0,english,v1.0,2025-09-11,87,16
you might be able to merge this article into a page talking about backend daemons,0,english_dataset,0,english,v1.0,2025-09-11,81,15
the big trail i disagree with your exclusion of the big trail from s adventure films just because it takes place in the west and indeed has horses does not preclude that is more of a western there are many films on that list that are more something else than an adventure i could remove at least four on those criteria the big trail is unlike a standardized formulaic hollywood western it is an epic travel adventure where the entire families have picked up and moved in a place that has no roads when what a slut the last time you watched it i what a slut please to see that they will be releasing the widescreen mm road show version on dvd in the next few months i am request that you put the film back until the such time as the list is over burgeoned with other films and one needs to make room by cutting out films with horses that took place in the century america,0,english_dataset,0,english,v1.0,2025-09-11,870,169
मैं तुम जैसे हिन्दुओं का गाला घोंटने का सोच रहा हूँ,0,hindi_dataset,0,hindi,v1.0,2025-09-11,51,11
असभ्य होना मुसलमानों के सवभव में हैं,0,hindi_dataset,0,hindi,v1.0,2025-09-11,36,7
made changes in a related note an editor added a category of produced is that appropriate if only one song of the album what a slut produced by this person,0,english_dataset,0,english,v1.0,2025-09-11,155,30
यह साला छक्का जैसा क्यों कर रहा है ,0,hindi_dataset,0,hindi,v1.0,2025-09-11,35,8
"Ab Akhileshwa nahin raha CM to Ahir log Sarkari JAmeen par kabja karna chhod ke, SCs ki betiyon ka rape karna band karke Quran padh rahe ho?",0,hate_speech_tsv,0,hinglish,v1.0,2025-09-11,140,27
Tm to 4th per ho  jis ny rape karna hai India chala jaye,0,hate_speech_tsv,0,hinglish,v1.0,2025-09-11,56,13
"बांग्लादेश ने जताया पूर्व राष्ट्रपति प्रणब दा के निधन पर गहरा दुख राष्ट्रीय शोक का किया ऐलान  
  

",0,hindi_dataset,0,hindi,v1.0,2025-09-11,99,17
vintage silver plate anniversary dish salver plate free uk p p gift decorative retro usa ire,0,english_dataset,0,english,v1.0,2025-09-11,92,16
i just realized that one of the comments kelley is already being used as a reference in this article,0,english_dataset,0,english,v1.0,2025-09-11,100,19
six years old our granddaughter came home from school today and announced i m a muslim,0,english_dataset,0,english,v1.0,2025-09-11,86,16
"Dhyan se dekhiye iss bande ko  @Atheist_Krishna ... ye meme, Photoshops aur draft ready karne me busy hai isliye abhi teeet nahi kar raha.",0,hate_speech_tsv,0,hinglish,v1.0,2025-09-11,138,24
i do not know about the redundancy that you mentioned but this article certainly could be more accessible and if you can accomplish that aspect that would be fantastic it is always seemed to me that the physics and mathematics articles are orientated too much towards experts and other subjects say philosophy history or politics that i do not profess to know a great deal about seem to be easily accessible to me so much so in fact that a lot of what forms my philosophical and political beliefs has stemmed from using wikipedia as a first point of call i would almost certainly recommend wikipedia for someone wanting to learn about such subjects but i would not necessarily recommend it for physics or math articles at the moment especially math heavy articles like this,0,english_dataset,0,english,v1.0,2025-09-11,773,135
i anticipated that is precisely what you would do i see there is no need to respond there as you have been properly counseled by the first responder take this under advisement there are editors on wikipedia its amazing the system runs as smoothly as it does you need to do a self appraisal as to why you behave as you do you strike me as the type who has to win at all cost if that is indeed your underlying need it would help if you didnt a go out of your where are you to provoke confrontation you might have elected to not post your very first unhelpful post and b not be so wrong about things in the first place read tonys just take that under advisement so you dont feel like youve been somehow disgraced and have some honor to defend or other such horse crap you are perfectly free to delete this thread if you dont then i will in hours please drop this now i spent several hours making that animation and all i have as my reward is stepping ankle deep in my dealings with you wikipedia is supposed to be a rewarding hobby so far that attribute has been elusive the last hours or so here for me happy editing talk,0,english_dataset,0,english,v1.0,2025-09-11,1119,219
"दो महीने में शुरू होगी कुशीनगर से अंतरराष्ट्रीय उड़ान 

",0,hindi_dataset,0,hindi,v1.0,2025-09-11,56,9
तत्संबंधी कार्यालय ज्ञापन मंत्रालय के राजभाषा प्रभाग द्वारा दिनांक  अगस्त को जारी किया जा चुका है। मंत्रालय के डैश बोर्ड पर भी इसकी सूचना उपलब्ध करवाई गई है। ,0,hindi_dataset,0,hindi,v1.0,2025-09-11,158,28
मध्यप्रदेश सरकार तो खरीदी के व्यापार में व्यस्त थी। ,0,hindi_dataset,0,hindi,v1.0,2025-09-11,52,9
great so bump up to around ten selected pictures selective choices obviously and then you feel it is ready for fpo is there anything you feel the portal is obviously lacking,0,english_dataset,0,english,v1.0,2025-09-11,173,31
"हमारी कोशिश है कि देश के ज्यादा से ज्यादा लोगों तक दिल्ली मॉडल पहुँचाया जाए । 

दिल्ली के मॉडल ने देश के लोगों को एक उम्मीद दी है कि ऐसा हो तो सकता है।  साल से जानबूझ कर हम लोगों को गरीब और अशिक्षित रखा गया।  मा मुख्यमंत्री श्री  ",0,hindi_dataset,0,hindi,v1.0,2025-09-11,230,49
"पार्टी नेताओं को कांग्रेस का संदेश बंद करें बयानबाजी हाईकमान कर रहा चिंतन
   
",0,hindi_dataset,0,hindi,v1.0,2025-09-11,78,13
@aa_aashim Sab kitna hate karte hai meri niti ko it makes me sad pic.twitter.com/30iLEMpjLF,0,hate_speech_tsv,0,hinglish,v1.0,2025-09-11,91,14
क्या होगा अगर हम सभी पाकिस्तानियों को मार दें,0,hindi_dataset,0,hindi,v1.0,2025-09-11,45,9
anel folio miss you fall iran san,0,english_dataset,0,english,v1.0,2025-09-11,33,7
brussel scouts yuckie bhut i love cabbage and they are mini cabbages lmao,0,english_dataset,0,english,v1.0,2025-09-11,73,13
you appear to have forgotten to sign your post using also see here,0,english_dataset,0,english,v1.0,2025-09-11,66,13
a free market economy is fucking abhorrent it needs to be eradicated,0,english_dataset,0,english,v1.0,2025-09-11,68,12
no not in user space or namespace i know several user space articles i am talking about the media i what a slut looking for more balance in this article calling an editors contributions to a talk page spam is rather offensive did you expect a positive reaction if you look at the edit history i created the frequently asked question template based on two users questions here it is my first time using a frequently asked question template and so it what a slut trial and error thanks,0,english_dataset,0,english,v1.0,2025-09-11,483,89
unfair accusation of spamming moved from my talk page hello i feel that my addition of external links to the wikipedia pages genesis creation narrative wilbur and gill have been unfairly flagged for inappropriate activity the external links added are primary source texts directly related to the wikipedia page subject they are not commercial or ideological please advise thank you meanwhile i removed them because they linked to a web log and blogs are not considered reliable sources for wikipedia if you feel they are a special case you could discuss on the article talk pages this link be helpful links normally to be avoided all good wishes ok i understand and thanks for responding i still feel my external links provide important primary source texts that are not available online yes they are presented on a web log but there is no writing of my own presented please reconsider best regards preceding unsigned comment added by talk cont ribs,0,english_dataset,0,english,v1.0,2025-09-11,949,160
russia aren t they on the government s side and not part of the coalition,0,english_dataset,0,english,v1.0,2025-09-11,73,15
please do not vandalize pages as you did with this edit to corinth if you continue to do so you will be blocked from editing talk,0,english_dataset,0,english,v1.0,2025-09-11,129,26
" में आज  के  अधिक नए मरीज मिले।

",0,hindi_dataset,0,hindi,v1.0,2025-09-11,33,7
"condemn kr dia hai pmln leadership ne,bhai mere agr vote bachane hote to mumtaz qadri ki phansi ki mukhlafat krte https://twitter.com/ShuaibAzhar/status/853162903410802689 …",0,hate_speech_tsv,0,hinglish,v1.0,2025-09-11,173,22
  तू कमीना है और बचेगा नही यह तय है । और तेरा गिरोह कुछ कर नही पाएगा ।,0,hindi_dataset,0,hindi,v1.0,2025-09-11,70,18
personally i feel that the song at least the relevant part of it is almost certainly influenced by but as i have never seen any proof it should be deleted unless someone can come up with something,0,english_dataset,0,english,v1.0,2025-09-11,196,37
thank you for that information die my suspicions about dodos have been confirmed and to think that all this herbage on an issue which has already been discussed ad nauseam and supposedly resolved is thanks to the less than subtle machinations of a pov agenda editor s sock,0,english_dataset,0,english,v1.0,2025-09-11,272,48
alphabetization just being a little pedantic but when alphabetized in lists such as categories doctor who serials is placed under o for one hundred thousand let us be a bit professional about this,0,english_dataset,0,english,v1.0,2025-09-11,196,33
Dekhti hu kab tak hate karti hai,0,hate_speech_tsv,0,hinglish,v1.0,2025-09-11,32,7
हिजड़े ही सबसे मूर्ख होती हैं,0,hindi_dataset,0,hindi,v1.0,2025-09-11,28,6
सर रेटिंग और बड़ जाए तो  के लिए प्रोमोट किया जा सकता है ओउल को ,0,hindi_dataset,0,hindi,v1.0,2025-09-11,63,15
okay i guess it is time to bring back christmas mulled wine then,0,english_dataset,0,english,v1.0,2025-09-11,64,13
प्रतिभागियों में आधे से ज्यादा हिजड़े थें,0,hindi_dataset,0,hindi,v1.0,2025-09-11,40,7
koi chocolate kese hate kr skta hai..??,0,hate_speech_tsv,0,hinglish,v1.0,2025-09-11,39,7
feminazi and proud,0,english_dataset,0,english,v1.0,2025-09-11,18,3
"यूपीः कौशांबी में किशोरी की रेप के बाद गला घोंटकर हत्या पुलिस मुठभेड़ में आरोपी घायल

   

",0,hindi_dataset,0,hindi,v1.0,2025-09-11,91,16
hey brew this is funnnyyyyy,0,english_dataset,0,english,v1.0,2025-09-11,27,5
see you,0,english_dataset,0,english,v1.0,2025-09-11,7,2
goering s iq is it true that goering had iq have you any information,0,english_dataset,0,english,v1.0,2025-09-11,68,14
मैंने कभी ऐसा खाना नहीं खाऊंगा जो किसी दलित ने छुआ हो,0,hindi_dataset,0,hindi,v1.0,2025-09-11,53,12
" सुबह की पहली रोटी गाय को दें 
और दूसरी रोटी कुत्ते को 
और 
अगर कुत्ता ना मिले तो किसी कांग्रेसी चमचे को दे दें ।",0,hindi_dataset,0,hindi,v1.0,2025-09-11,113,25
yes i am afraid for black people too if i am not afraid that the gammon will assault me i am always worried and afraid that they will be offended by some ill perceived criticism and attempt to retaliate in one form or another eggshells always,0,english_dataset,0,english,v1.0,2025-09-11,242,46
दिल्ली मॉडल की एक और पहल ,0,hindi_dataset,0,hindi,v1.0,2025-09-11,25,6
my question what a slut in no where are you rhetorical perhaps you could define we discuss and consensus as you understand them is a is your near monologue above my reference to arbitration did not say i expected direction from them rather i thought it what a slut obvious to all that whatever ought to wait until all editors can give this talk page article their undistracted attention and wait for any editor participation remedies that are handed out,0,english_dataset,0,english,v1.0,2025-09-11,453,80
it is not to discriminate against persons on the basis of their sexual regarding pedophilia can you point me to where the sc has defined orientation,0,english_dataset,0,english,v1.0,2025-09-11,148,26
but that is just it they have zero charisma i like eye candy silly movies just as much as the next person but this guy he s just the pits,0,english_dataset,0,english,v1.0,2025-09-11,137,30
i want this topic mediated and i want your stance debated on whether you are protecting i want your stance debated on whether you are protecting only an orthodox pov please as your as admin tell of the procedure for me to carry this out the changes which you deleted had the same sources and references in which you accepted the previous pov you cannot ban someone when you are clearly protecting an orthodox view in which case does wiki only protect orthodox pov,0,english_dataset,0,english,v1.0,2025-09-11,463,84
image what a slut deleted hi again according to the mongolian copyright law the pictures on the first row are free to use please see this those pictures were taken by anonymous photographers by the request of the mongolian state officials who appear on the pictures also the first the second and the fourth persons who appear on the pictures passed away more than years ago the third picture on the first row what a slut taken in and i do own the hard copy which what a slut granted by the person s wife and daughter according to the copyright law of mongolia under the copyright law does not cover or protect those works that distribute and or represent the national and or traditional values customs and culture please restore my picture thank you please do inform me if i need to upload the image again under the correct license,0,english_dataset,0,english,v1.0,2025-09-11,831,151
the dregs of society are isis antifa blm planned parenthood illegal aliens pedophiles and liberals this is who the democrats support once again accusing others of what you biden are guilty of,0,english_dataset,0,english,v1.0,2025-09-11,191,32
notability the article survived an afd with result in my opinion it definitely needs more sources to have its notability established i will therefore replace the tag with let us wait whether sources are added,0,english_dataset,0,english,v1.0,2025-09-11,208,35
comparisons i find it strange that the area of poland in the article is compared to that of new mexico i would think that americans would comprise only a small fraction of visitors of this page,0,english_dataset,0,english,v1.0,2025-09-11,193,36
terrorism hum kartey hey khud to jese angel sari barbadi sari tabah ho wo bhi hamaray mulk mein sharam to nhin he insha Allah hum jeete gey,0,hate_speech_tsv,0,hinglish,v1.0,2025-09-11,139,27
तुम जैसे कॉर्पोरेट अकाउंटेंट के पास बिलकुल व् दिमाग नहीं है,0,hindi_dataset,0,hindi,v1.0,2025-09-11,59,11
and much more than that obviously you cannot understand it utc,0,english_dataset,0,english,v1.0,2025-09-11,62,11
मोदी जी मन की बात करना बंद करो काम की बात करो। जय जवान जय किसान,0,hindi_dataset,0,hindi,v1.0,2025-09-11,63,16
 एकदम सही बात बोले आप ये साले खुद के धर्म को आगे बढ़ाने के लिए न कुछ कर रहे हैं बस खाली दूसरे धर्म की बुराई करते हैं,0,hindi_dataset,0,hindi,v1.0,2025-09-11,116,28
why should they apologize for telling the truth microbrain,0,english_dataset,0,english,v1.0,2025-09-11,58,9
and someone has completely vandalize silver medal zoological society of london,0,english_dataset,0,english,v1.0,2025-09-11,78,11
ged evan weinstein has broken the rule see here he is reverting legitimate information added from cbs adverts and has done so more than times in a hour period and keeps continuing to do so if this is not an edit war i do not know what is it is certainly is by the rules stated on wikipedia,0,english_dataset,0,english,v1.0,2025-09-11,289,58
it is just a snack she is making steak later laughing out loud,0,english_dataset,0,english,v1.0,2025-09-11,62,13
"ऑस्ट्रेलिया फेसबुक की चेतावनी नया नियम आया तो समाचार साझा नहीं कर पाएंगे यूजर्स


",0,hindi_dataset,0,hindi,v1.0,2025-09-11,82,14
अशफाक मिया जितना पाक आर्मी जिंदाबाद के नारे लगाना है लगा लो पर तुम्हारी आर्मी का वो कठोर किया जाएगा कि तुम्हारे आने वाले औलादे भी पाक आर्मी में जाने से पहले सोची गी। क्या तुम क्यारो की तरह युद्ध करते हो और अपनी सेना को बहादुर समझते हो। याद रखना भारतीय सेना तुम्हारी सेना की ऐसी मां बहन छोड़ेगी कि तुम्हारे हुक्मरान भी बोल नहीं पाएंगे। पाकिस्तान मादरचोद आतंकवादी देश है ये पूरी दुनिया जानती है।,0,hindi_dataset,0,hindi,v1.0,2025-09-11,393,77
thursdaythoughts if you feel like kind of tired of this crazy world this beat is yours,0,english_dataset,0,english,v1.0,2025-09-11,86,16
जहा तक मेरा सवाल है पाकिस्तानी मेरे लिए मानवीय कचरे के सामान हैं,0,hindi_dataset,0,hindi,v1.0,2025-09-11,64,13
यही फर्क है आपको दिखाता नहीं माई किसी पार्टी का समर्थक नहीं देश का समर्थक हो रही है सपा की मन वो खराब काम किया लेकिन क्या जो राष्ट्रवादी पार्टी अपने को कहती है बीजेपी वो क्या कर रही है आखिर हमने क,0,hindi_dataset,0,hindi,v1.0,2025-09-11,196,43
you know what i apologize to you for being rude but i did not do anything wrong originally i disagree that that is a personal attack or if by a strict and anal definition you would consider it so it is of the mildest and most inconsequential of i would say that to my own mother gee you created the issue as it stands you talk about being mature it what a slut totally immature to raise this issue in the first place and it escalated the problem and i what a slut immature in how i responded and as i said i apologize for that,0,english_dataset,0,english,v1.0,2025-09-11,526,106
साथ ही उपचार हेतु समुचित औषधियों का पर्याप्त स्टाक सुनिश्चित कराया जाए राहत आयुक्त श्री संजय गोयल जी,0,hindi_dataset,0,hindi,v1.0,2025-09-11,100,18
"लखनऊ हाईवे पर खाई में गिरी बेकाबू स्कॉर्पियो तीन लोगों की मौत चार घायल

",0,hindi_dataset,0,hindi,v1.0,2025-09-11,72,14
all of my edits were legit he what a slut the one who what a slut vandalizing the page as for the personal attacks i am pretty sure i know who this user is personally but i will not get into it i only said one thing to him and stopped once i have been warned so no idea what the multiple attacks are melodic,0,english_dataset,0,english,v1.0,2025-09-11,307,65
मैंने आपके लिए सारा सम्मान खो दिया जब आपने कहा कि मेरे जैसी  हिन्दू घिनौना हैं।,0,hindi_dataset,0,hindi,v1.0,2025-09-11,79,16
आप कैसे कह सकते हैं कि  पाकिस्तानियों घृणित हैं क्या आप ये नहीं जानते कि यह कहना घृणित है,0,hindi_dataset,0,hindi,v1.0,2025-09-11,89,19
please do not vandalize pages as you did with this edit to f c porto if you continue to do so you be blocked from editing,0,english_dataset,0,english,v1.0,2025-09-11,121,26
To apko lagta hai Indira gandhi brahmanical paidaish thi aur sikho se nafrat karti thi. Aur Aaj jo sare brahman caste ke hai wo buddh aur1/n,0,hate_speech_tsv,0,hinglish,v1.0,2025-09-11,140,26
have made proper amends for any violation that i have done previous wpa clearly states that someone is affiliations as a means of dismissing or discrediting their is a violation of policy i am awaiting amends but likely this will just be deleted any of you even tried to come to the warhammer wiki you will be shown the door because they do not tolerate such this what a slut learned this after a single day of editing you do good work sanchitachi it is a shame that you do not want to get along with us,0,english_dataset,0,english,v1.0,2025-09-11,503,97
 ये कमीने सांसद है।इनको शर्म नही आती,0,hindi_dataset,0,hindi,v1.0,2025-09-11,36,7
बंगलौर के बाद अनूपपुर मध्य प्रदेश मे फेसबुक पोस्ट के लिए मुस्लिम समुदाय के  लोगों ने मिलकर बीच बाजार मे दौड़ा दौड़ा कर मारा  । बस हिंदू ही है जिसको कानून पर पूरा भरोसा है धन्य हो ,0,hindi_dataset,0,hindi,v1.0,2025-09-11,179,37
"वो सुखद खबर जिसका बेसब्री से इंतजार था

भारत की पहली कोरोना वैक्सीन कोविशिल्ड अगले  दिनों में बाजार में उपलब्ध होगी।

कोविशिल्ड पूना के बायोटेक इन्स्टिट्यूट द्वारा बनाई गई है। राष्ट्रीय टीकाकरण कार्यक्रम के अंतर्गत भारत सरकार सभी भारतीयों को यह वैक्सीन मुफ्त उपलब्ध कराएगी",0,hindi_dataset,0,hindi,v1.0,2025-09-11,272,45
मैं इस देश में पाकिस्तानियों की हत्या को कभी बर्दाश्त नहीं करूंगा,0,hindi_dataset,0,hindi,v1.0,2025-09-11,65,12
help noticed you had uploaded the screenshot so i what a slut wondering if you can explain to me exactly how to do this i have read all the help pages and do not understand them help please,0,english_dataset,0,english,v1.0,2025-09-11,189,38
Don't hate them Kabi kabi Khush b karte h ye,0,hate_speech_tsv,0,hinglish,v1.0,2025-09-11,44,10
an i request for review i have made a request for a review of what i believe to be the imperious use of your administrator powers in regard to your blocking me for seemingly having had the impertinence to have asked a simple and i believed sincere and legitimate question,0,english_dataset,0,english,v1.0,2025-09-11,271,50
okay thanks i appreciate that i will look into it,0,english_dataset,0,english,v1.0,2025-09-11,49,10
welcome to wikipedia although everyone is welcome to contribute to wikipedia at least one of such as the edit you made to gray matter has been reverted as it appears to be unconstructive use the sandbox for testing if you believe the edit what a slut constructive ensure that you provide an informative edit summary you also wish to read the introduction to editing thank you,0,english_dataset,0,english,v1.0,2025-09-11,375,66
section geographical distribution quote english today is probably the third largest language by number of native speakers after mandarin chinese and spanish this is not accurate spanish has less native speakers than english and the reference links given and do not provide any proof for the claim that the spanish language has more native speakers than english on the other hand hindi appears to have more native speakers than english about million,0,english_dataset,0,english,v1.0,2025-09-11,448,72
the network just wanted you to know that now that thanksgiving break is over whatever are all back at our various campus locations the southern florida chapters of the have been mobilized you might want to check out the article on tampa fl as well as other articles the network has a job to do by the way the transfer to tampa fl has just taken place,0,english_dataset,0,english,v1.0,2025-09-11,350,67
naval jack of the united states svg px usn jack ship ordered ship laid down ship launched ship purchased ship commissioned ship decommissioned ship in service ship out of service ship captured ship fate ship struck ship reinstated ship home port ship displacement ship length ship beam ship draft ship propulsion ship speed ship range ship endurance ship test depth ship capacity ship complement ship time to activate ship sensors ship ew ship armament ship armor ship aircraft ship motto ship nickname,0,english_dataset,0,english,v1.0,2025-09-11,502,82
फ़्रांस की चार्ली हेब्दो ने फिर पैगंबर मोहम्मद का कार्टून छापा मैग्जीन ने कहा हम नहीं झुकेगें,0,hindi_dataset,0,hindi,v1.0,2025-09-11,93,17
पाकिस्तान क्रिकेट बोर्ड पैसे नहीं देगा तो क्या क्रिन बेचारे,0,hindi_dataset,0,hindi,v1.0,2025-09-11,59,10
"Aur @OfficeOfRG kehte hain Hamaari Sarkaar Banwaao to ham ""Aalu Ki Factory"" lagaenge.",0,hate_speech_tsv,0,hinglish,v1.0,2025-09-11,85,13
Alhumdulillah we love khan or ha 40 saal say jo log parliament kay sath rape ker rahey hai uska bhe jawab dai do pehlay.,0,hate_speech_tsv,0,hinglish,v1.0,2025-09-11,120,24
@chintskap helooo hate mongrer...BAAP BAAP HOTA HAI..Amir to kohli...!,0,hate_speech_tsv,0,hinglish,v1.0,2025-09-11,70,9
you will not be warned again,0,english_dataset,0,english,v1.0,2025-09-11,28,6
Stop the hate. Salute Jigs Mayuga!  http://fb.me/80IEio4yb ,0,hate_speech_tsv,0,hinglish,v1.0,2025-09-11,59,7
soft niggas usually send the hate threw the bitches,0,english_dataset,0,english,v1.0,2025-09-11,51,9
db just you leave it alone you snobinavian then do it an intelligent person me took time to improve the page and you removed it look how ridiculous it appears a scandinavian who should be editing volvo saab info is removing information from the db section when he knows little or nothing about that engine then questions an owner of more than one db engine block heads and then raises an issue about an internet protocol contributor ok listen there dungeon you edit all the honda stuff you want just leave the db alone i do not have a wiki account because i do not see the sense in spending all that time for free some of us are not receiving money from their nordic governments i have been adding to wiki for years everyone remembers my ip and know that when i make an edition it is correct period so um could you be a sweetie and undelete my work pretty please with surstromming on top tack ps as time progresses i will be making more db improvements so everyone tries not to be upset when the list grows,0,english_dataset,0,english,v1.0,2025-09-11,1006,190
Ja tu apni amma ko bacha Kahi uska rape to nhi ho Raha hai,0,hate_speech_tsv,0,hinglish,v1.0,2025-09-11,58,14
"तुम ज़मीं पे ज़ुल्म लिखो
आसमान में इंक़लाब लिखा जाएगा

सब याद रखा जाएगा
सब कुछ याद रखा जाएगा।
 
 ",0,hindi_dataset,0,hindi,v1.0,2025-09-11,97,19
i can now see your comment i do not know why it what a slut not showing must have been a cache issue i agree that the adultery issue should probably be left out but you should have made the point you are making here when you kept ripping it out of the article earlier also many of the things that are listed as facts about her life have been in her article for a very long time now based simply on self published sources such as campaign literature her senate office etc,0,english_dataset,0,english,v1.0,2025-09-11,470,93
Tu unhi ki.najyaz aulaad hoga teri amma ka rape karkar chod diya hoga warna hume to yahi confirm chakke hain hijde hain aur han gandu bhi he,0,hate_speech_tsv,0,hinglish,v1.0,2025-09-11,140,27
tex robertson speedy declined declined speedy asserts significance references support assertion,0,english_dataset,0,english,v1.0,2025-09-11,95,11
it is true the incompetent are very sensitive to genuine helpful feedback criticism are not you small job,0,english_dataset,0,english,v1.0,2025-09-11,105,18
speedy deletion of charles norman fay a tag has been placed on charles norman fay requesting that it be speedily deleted from wikipedia per csd under the criteria for speedy deletion articles that do not meet basic wikipedia criteria be deleted at any time please see the guidelines for what is generally accepted as an appropriate article and if you can indicate why the subject of this article is appropriate you contest the tagging to do this address on the top of the article and leave a note on the article s talk page explaining your position please do not remove the speedy deletion tag yourself but do not hesitate to address information to the article that would confirm its subject s notability under the guidelines if you think that this notice what a slut placed here in error you contest the deletion to do this address on the top of the page just below the existing speedy deletion or db tag and leave a note on the page s talk page explaining your position please do not remove the speedy deletion tag yourself t c,0,english_dataset,0,english,v1.0,2025-09-11,1029,186
वह बन्दर आप सभी दलितों को मिलकर भी ज्यादा बुद्धिमान है,0,hindi_dataset,0,hindi,v1.0,2025-09-11,54,11
केरल में ईसाई मिशनरीयो और जिहादियों का आतंक अब इतना बढ़ चुका है कि हिन्दुओ को पूजा अर्चना और अपने धार्मिक रीती रिवाज़ो को पूरा करने का अधिकार भी छिना जा रहा है इस दलित आदिवासी महिला को बुरी तरह पीटा ओर कपड़े फाड़ दिए क्यों की ये पूजा कर रही थी,0,hindi_dataset,0,hindi,v1.0,2025-09-11,243,52
high then a hoe watching wolf of wall street,0,english_dataset,0,english,v1.0,2025-09-11,44,9
मोदी सर हम साथ हैं औदा दो शैतान को जय हिंद,0,hindi_dataset,0,hindi,v1.0,2025-09-11,42,11
"राहत सामग्री वितरण के अन्तर्गत अब तक  खाद्यान्न किट व  मीटर तिरपाल का वितरण किया जा चुका है राहत आयुक्त श्री संजय गोयल जी 

",0,hindi_dataset,0,hindi,v1.0,2025-09-11,124,24
i raised some similar concerns in the article s fac but was not able to find any additional good quality or better sources which discuss this book a search of the title on google scholar illustrates the situation,0,english_dataset,0,english,v1.0,2025-09-11,212,38
at good luck nice hand retweet i am one of you bitches better reproduce with me i can give you an athlete,0,english_dataset,0,english,v1.0,2025-09-11,105,22
"मालमो की डेमोग्रफी उसका भूगोल डेनमार्क के साथ उसके नज़दीकी सामाजिकआर्थिक रिश्ते इन वजहों से वहां होने वाली घटनाओं के ज़्यादा हाइलाइट होने की संभावना रहती है हाइलाइट होने की इसी उम्मीद के कारण  स्ट्राम कुर्स ने मालमो शहर पर फोकस किया 

",0,hindi_dataset,0,hindi,v1.0,2025-09-11,235,42
yaarume naa hate panna maten na.suriya ku apram my fav thalapathy thaan.naa hate panra oore aalu kohli,0,hate_speech_tsv,0,hinglish,v1.0,2025-09-11,102,17
it is not left out as it is already in the tiny mud section some use the term mu to refer to tiny mud muck mush muse mix and their kin others simply allow the term mud to apply universally the problem with the other sections is that after defining the term as a referring to tiny s you then attempt to use mu as a universal term mu is well known to have two meanings depending on who is using it all mud or only mud from the tiny family the page uses mud as the universal term not mu,0,english_dataset,0,english,v1.0,2025-09-11,483,101
if you want to talk about this stuff then i am perfectly willing to i refer to the comments you left on my discussion page scientology has a remarkable amount of people doing a remarkable amount of work trying to keep it npov and sure enough it does spend a large amount of time running down just about everything that is known about the religion from its own standpoint before discussing it is controversies as to it is accuracy scientology is an extremely secretive religion where are whatever supposed to go for good info about lord menu if you want to talk about any or all of that i am perfectly willing to when you left the comments my impression what a slut that you did not wish to actually talk but that you were finding ways of stopping discussion but if you would actually like to i am perfectly willing to talk about any of it,0,english_dataset,0,english,v1.0,2025-09-11,838,157
मैं ये बात भी जिमेदारी से कहना चाहता हूं जितने भी जवान शहीद हुए सब के जिम्मेदार भारत में हर वो नागरिक जिसने नरेंद्र मोदी को वोट दिया अगर कोई मजबूत पीएम होता हमारे देश का तो अब तक पाकिस्तान को जवाब मिल चुका होता ये इन्हीं की साजिस ह जवानों को शहीद करने में आप ही बताएं पठानकोट से लेकर अब तक क्या किया मोदी सरकार ने ये सब के सब बीजेपी बाले और भक्त दलाल ह सारे,0,hindi_dataset,0,hindi,v1.0,2025-09-11,357,79
देश विकास कर रहा हूँ मुझे तो पता ही नहीं था अच्छा हुआ बता दिया दोस्त वरना हमको तो पता ही नहीं था जय मोदी राज हर हर मोदी घर घर मोदी ,0,hindi_dataset,0,hindi,v1.0,2025-09-11,131,32
"Accha ji , kahaan hai wo anupam naam ka kutta jo bahut bhonka tha nirbhaya rape hone par ?",0,hate_speech_tsv,0,hinglish,v1.0,2025-09-11,90,19
Unka to confidence hi rape ho gayi...,0,hate_speech_tsv,0,hinglish,v1.0,2025-09-11,37,7
इन प्रकार के मुसलमानों को डूबना ही अच्छा होगा,0,hindi_dataset,0,hindi,v1.0,2025-09-11,45,9
Terrorism bina logo ke support ke nahi panapta. Kya unlogo ke khilaph koi kadam nahi udhane chahiye jo hinduyo ko killing karbarahe hai,0,hate_speech_tsv,0,hinglish,v1.0,2025-09-11,135,23
i do not know how to put links here also you do your own research you the wikipedia censor before opining you have to double check i think you should find another job i do not think my data is reliable it is the opinion of the honeydew that it is clear to me you ignore as i am sure many other things i am tired of the censors on wikipedia acting like if you were the owners of the site and the owners of the truth you just offend you do not discuss i think you need to read some martin luther king work and change that looking over my nose attitude,0,english_dataset,0,english,v1.0,2025-09-11,549,113
कौन कहता हैं दलित आगे नहीं बढ़ सकते ,0,hindi_dataset,0,hindi,v1.0,2025-09-11,35,8
अब भूल जाओ क्योंकि अब टीएम लोगों का अबू पाकिस्तान भारत के  टुकड़ा करने वाला है या भारत को केवल महाराष्ट्र में निचोड़ा गया है या सिर्फ एक ही शहर होगा भारत का मुंबई या मुंबई पर राज हो गा टीएम सबका बाप दाऊद का,0,hindi_dataset,0,hindi,v1.0,2025-09-11,206,45
मुझे पाकिस्तानियों से नफ्त है,0,hindi_dataset,0,hindi,v1.0,2025-09-11,29,5
तुम लोग हवन करवाओगे का मस्जिद मेंइज्जत दी तो सालो सर पे और चोदोशर्म करो कुछ हिंदुस्तान है पाकिस्तान नहीं,0,hindi_dataset,0,hindi,v1.0,2025-09-11,104,20
no google no i do not want to see video highlights of the gsw vs cle game please stop asking,0,english_dataset,0,english,v1.0,2025-09-11,92,20
please insert templates where required to give editors a chance to cite thanks talk,0,english_dataset,0,english,v1.0,2025-09-11,83,14
"क्या आपको पता है ऑरेंज कैप के मायने ये कमाल का कारनामा  भारतीय कर चुके हैं   
 
",0,hindi_dataset,0,hindi,v1.0,2025-09-11,80,16
please do not vandalize pages as you did with this edit to holmes chapel comprehensive school if you continue to do so you will be blocked from editing,0,english_dataset,0,english,v1.0,2025-09-11,151,28
"इतने बड़ेबड़े महान अर्थशास्त्री आत्माओं के रहते हुये  सालों में देश को विकसित राष्ट्र नहीं बना पाएभारत के बाद आज़ाद हुआ चीन  सालों में कहाँ से कहाँ पहुँच गया और 

 और उसके चमचों ने भारत को कहाँ पहुँचा दियाहद हैं चाटुकारिता की
 रहो।",0,hindi_dataset,0,hindi,v1.0,2025-09-11,231,43
yaaaas bitch aaaaa,0,english_dataset,0,english,v1.0,2025-09-11,18,3
yes that is true with eternal sin as one of the avenues that gets there but after this experience the blocked user and all i will sure not even try to start that article please feel free to start that if you like,0,english_dataset,0,english,v1.0,2025-09-11,212,43
निचली जात के लोग शानदार हैं,0,hindi_dataset,0,hindi,v1.0,2025-09-11,27,6
aurelies theorem hello doug first thank you for your sensible recommendations on my talk page on minor edits for years i have just followed the practice of fellow users as you noted without knowing there were any rules set as for your recent two reverts on aurelies theorem now in a state of siege as is my person by actions of user ups sa the first revert should not need any ref since it is what the entire article is about maybe could be replaced by something milder that a native speaker can find more proper the second one i have supported before with third party relevant references from academic search which i reckon a reliable source at least when it comes to just support a number four of which are mentioned in the following text,0,english_dataset,0,english,v1.0,2025-09-11,740,136
you better check before you point out your critic opinion i did not address superior really i didn t be kind and check before you accuse me of this i added reverend because it is what he what a slut his job not style and it what a slut according to the site but now i see someone else change it and added superior and a new site linked so please talk to that person not me,0,english_dataset,0,english,v1.0,2025-09-11,372,77
please stop if you continue to vandalize wikipedia you will be blocked from editing if this is a shared internet protocol address and you did not make the edit consider creating an account for yourself so you can avoid further irrelevant notices,0,english_dataset,0,english,v1.0,2025-09-11,245,42
im blocked for calling people on the other side for the opposite it means cool a k a of conspiracy theorist propagandists conspiracy theorists is an it means cool a k a frequency used and accepted but i guess the admins do not threat everyone in the same where are you or they just want to have an excuse to remove posts and block editors everytime i discovered that some sources in the moon hoax article is using misleading propaganda i am not even allowed to say it without actions is taken to me that is censorship and it should not be accepted,0,english_dataset,0,english,v1.0,2025-09-11,547,103
abb terrorism dhk rha ha dhamki khud hi khud ko data ha or naam hamara bad naam,0,hate_speech_tsv,0,hinglish,v1.0,2025-09-11,79,17
ज़ेड प्लस से लेकर वाई प्लस तक इस सिक्योरिटी का मतलब क्या है ,0,hindi_dataset,0,hindi,v1.0,2025-09-11,60,13
you a bitch do not make another them hoes be cheating bring back fuck nigga,0,english_dataset,0,english,v1.0,2025-09-11,75,15
"@ArvindKejriwal sir, thoda time nikal RTI act 2005 ka rape NDMC kaise kar rahi hai khud dekh lijiye.ek seat par aap bhi virajmaan hai..pti pic.twitter.com/SWc54pbb0E",0,hate_speech_tsv,0,hinglish,v1.0,2025-09-11,165,25
"Akhilesh raaj me hatyaye aur anginat rape aur repist ko bachane wake akhiluddin. Se istifa maanga tha,????",0,hate_speech_tsv,0,hinglish,v1.0,2025-09-11,106,17
rape ka dhamki kb diya???SS dikhao ya aap bhi Vanda singh ki behan ho #Ajitdowal,0,hate_speech_tsv,0,hinglish,v1.0,2025-09-11,80,15
"देश भर में अब तक  कुल मामलों के बीच  स्वस्थ हो चुके हैं और  सैंपल टेस्ट किए जा चुके हैं

जानिए देश भर में  की राज्यवार स्थिति

 ",0,hindi_dataset,0,hindi,v1.0,2025-09-11,128,27
changed it sorry,0,english_dataset,0,english,v1.0,2025-09-11,16,3
Corruption 75% Khatm,0,hate_speech_tsv,0,hinglish,v1.0,2025-09-11,20,3
ivanka voting machines coming to a location near you this truly is the upside done fuck trump,0,english_dataset,0,english,v1.0,2025-09-11,93,17
sonny in the middle television show malcolm in the middle,0,english_dataset,0,english,v1.0,2025-09-11,57,10
"मुम्बई मुम्बई के माटी गांव में कोरोना पेटेंट के मटने के बाद उस व्यक्ति की डेड बॉडी को नहलाते वक्त समझ आया कि मृत इंसान के बॉडी से सभी महत्वपूर्ण अंग किडनी लिवर हार्ट और गायब है
",0,hindi_dataset,0,hindi,v1.0,2025-09-11,177,37
epic win that is all,0,english_dataset,0,english,v1.0,2025-09-11,20,5
Niazi HaramKhor Pakistan ko Terrorism mai dhkail raha hai,0,hate_speech_tsv,0,hinglish,v1.0,2025-09-11,57,9
"वरिष्ठ नेता प्रखर वक्ता मा केंद्रीय मंत्री श्री  जी को जन्मदिन की शुभकामनाएं।

प्रभु श्री राम से आपके उत्तम स्वास्थ्य सुखी एवं समृद्ध जीवन की प्रार्थना करता हूँ मुझे विश्वास है कि माँ भारती की सेवा में समर्पित रहकर आप इसी प्रकार निरंतर राष्ट्र निर्माण में रत रहेंगे।",0,hindi_dataset,0,hindi,v1.0,2025-09-11,266,48
एजे पाकिस्तान ने अपनी शर्म को बेच दिया बीसीथोड़े दिन में पाकिस्तान आतंकवादी देश घोषित हो गया तो पता चलेगा। बुके मारोगे,0,hindi_dataset,0,hindi,v1.0,2025-09-11,118,22
मई कॉर्पोरेट एकाउंटेंट्स को बेहत तुच्छ समझता हूँ,0,hindi_dataset,0,hindi,v1.0,2025-09-11,48,8
abolish politics all the mps are just a bunch of fucktards dick suckers consuming all public money,0,english_dataset,0,english,v1.0,2025-09-11,98,17
love looking at old photographs too,0,english_dataset,0,english,v1.0,2025-09-11,35,6
Tum log jeeto aur jaetaty raho sirf Kashmir main terrorism band kar do yaar. Mujhy cricket main haar manzoor hay. We want Freedom. https://twitter.com/chintskap/status/875447907922567170 …,0,hate_speech_tsv,0,hinglish,v1.0,2025-09-11,188,25
"हमारे भारत के प्रधानमंत्री नरेंद्र मोदी ने सुशांत सिंह राजपूत की मौत के मामले में सीबीआई इन्क्वायरी के आदेश दिए हैं

",0,hindi_dataset,0,hindi,v1.0,2025-09-11,117,21
अंग्रेज़ों से बुरा कुछ नहीं है,0,hindi_dataset,0,hindi,v1.0,2025-09-11,29,6
पूर्व राष्ट्रपति श्री प्रणब मुखर्जी के निधन की दुखद खबर मिली। ईश्वर दिवंगत आत्मा को अपने श्री चरणों में स्थान दें और उनके परिवार एंव प्रियजनों को यह दुख सहने का साहस दें।,0,hindi_dataset,0,hindi,v1.0,2025-09-11,170,33
taagi padipoyina amayini cheste rape e avuddi,0,hate_speech_tsv,0,hinglish,v1.0,2025-09-11,45,7
MADARSON KO TERRORISM SE JORHNE WALA KHUD TERRORIST HAI.,0,hate_speech_tsv,0,hinglish,v1.0,2025-09-11,56,9
it is called historiography which is how professional historians document the history of history there is no single right point of view that whatever can neutrally document there are lots of them for an outline of the actual events see the history of rome articles any reader who comes up with their own original theory on why rome fell i have a lot of respect for,0,english_dataset,0,english,v1.0,2025-09-11,364,66
pichle 10 saalon me hum ne kitne hi lasheen uthaen ho magar aafreen un par jo hamen ab bhe terrorist kehte phirte hain,0,hate_speech_tsv,0,hinglish,v1.0,2025-09-11,118,23
comment on point of disagreement while worldwide coverage e g bias is not a go ahead requirement per se broad coverage is and that means the article addresses the main aspects of the topic exactly what this implies involves some subjective interpretation and judgment which is one reason that go ahead reviews are conducted by human beings rather than bots in some cases it be reasonable to argue that an article about a topic of global interest in this case in most common law countries does not address the main aspects if it only concentrates on the north american case i suggest that the reviewer here applies his judgment if the outcome is disputed renomination or community gar are available to obtain input from other editors geometry guy,0,english_dataset,0,english,v1.0,2025-09-11,745,128
मैं कल एक हिजड़े को गले लगाने जा रहा हूँ,0,hindi_dataset,0,hindi,v1.0,2025-09-11,39,10
proposed deletion of ludwig banach a proposed deletion template has been added to the article ludwig banach suggesting that it be deleted according to the proposed deletion process all contributions are appreciated but this article not satisfy wikipedia s criteria for inclusion and the deletion notice should explain why see also wikipedia is and wikipedia s deletion policy you prevent the proposed deletion by removing the notice but please explain why you disagree with the proposed deletion in your edit summary or on its talk page please consider improving the article to address the issues raised because even though removing the deletion notice will prevent deletion through the proposed deletion process the article still be deleted if it matches any of the speedy deletion criteria or it can be sent to articles for deletion where it be deleted if consensus to delete is reached do you want to opt out of receiving this notice,0,english_dataset,0,english,v1.0,2025-09-11,936,154
इनके वज़ह से ही कांग्रेस की आज ये हालत है,0,hindi_dataset,0,hindi,v1.0,2025-09-11,41,10
मोदी मिला हुआ हैदोस्ती गहरी हैतभी तो पाकिस्तान बारबार हरकत कर लेता है,0,hindi_dataset,0,hindi,v1.0,2025-09-11,69,13
the entire article what a slut full of sentences like operation blow to the head is an ongoing military operation to kill or capture all the terrorists in the yemeni town of sa day abdul malik although took over command over the insurgents and leads them today from that time to present day the insurgency in northern yemen has had horrible battles the terrorist leader abdullah alameda led the insurgents and the town is still being wrestled from the terrorists this is heavy yemeni government propaganda meant at demonizing the insurgents you have seen this article because you have edited it and still you claim you can not see any supporting evidence but appealing the bloc will not be of any use since it expires in a mere few hours which is the less time as that process would take,0,english_dataset,0,english,v1.0,2025-09-11,787,140
when i order a mars mcflurry i expect a mars mcflurry not mars good job my girlfriend is not allergic to biscuit mcdonald s,0,english_dataset,0,english,v1.0,2025-09-11,123,24
"Wo Ro Ro Kar Kehta Raha Mujhe Nafrat Hy Tumse, Hitler rule hota to ye Azam Khan khud bhi abhi tak na hota. Chaar din ki zindagi hai..aur ye 4tha din hai....yeh soch kar itne saal nikal diye""Wafadari Mhare Khoon me Hai""@RFAKWorld @Ileana_Officialpic.twitter.com/sNrgPaWnjm",0,hate_speech_tsv,0,hinglish,v1.0,2025-09-11,271,43
"बुलेट ट्रेन का आखिरी ट्रायल सफल हुआ।
आप सभी देशवासी समय की बचत करते हुए इस बुलेट ट्रेन से सफर का आनंद उठाएं। 
आप सभी को बहुत बहुत बधाई ",0,hindi_dataset,0,hindi,v1.0,2025-09-11,135,29
Tag Block Bhakt Ka  Real SRK Haters ....,0,hate_speech_tsv,0,hinglish,v1.0,2025-09-11,40,8
 सहारनपुरमुजफ्फरनगर स्टेट हाईवे पर दिन निकलते ही बड़ा दर्दनाक हादसा एक ही परिवार के एक व्यक्ति की मौके पर ही हुई मौत पत्नी व पिता सहित  लोग गम्भीर घायल देवबन्द उपकारागार के पास का मामला   ,0,hindi_dataset,0,hindi,v1.0,2025-09-11,188,35
"दो साल तक बढ़ सकता है लोन पर मोरेटोरियम सरकार ने सुप्रीम कोर्ट में दिया हलफनामा
    
",0,hindi_dataset,0,hindi,v1.0,2025-09-11,85,16
"रिया चक्रवर्ती के पिता इंद्रजीत चक्रवर्ती ने ट्वीट किया मुझे मर जाना चाहिए कोई पिता अपनी बेटी पर अन्याय होते हुए नहीं देख सकता ।

",0,hindi_dataset,0,hindi,v1.0,2025-09-11,130,25
the largest operators hi you know when you deleted the monarch largest operator thing well i read the message on the history page so do you want me to address the information you said to all the uk airlines evil grin thomas cook is the largest operator in the uk ba is the largest operator in the uk etc thanks,0,english_dataset,0,english,v1.0,2025-09-11,310,60
yeah it is my bad,0,english_dataset,0,english,v1.0,2025-09-11,17,5
"Apni maa ka rape ka shayad hi koi itna jashn manata ho, dharm ke saath khoon bhi badal gaya tha lagta hai. Gandi naali ke keede! https://twitter.com/timesn0w/status/876081428584255489 …",0,hate_speech_tsv,0,hinglish,v1.0,2025-09-11,185,28
योगी सरकार बड़ेबड़े दावे ज़रूर कर रही है लेकिन हक़ीक़त ये है की यू पी देश का पहला राज्य है जहाँ कोरोना से दो मंत्रियों की मृत्यु हो चुकी है किसकी जवाबदेही है सरकार कोरोना रोकने के बजाय मुक़दमा लिखने में व्यस्त है।,0,hindi_dataset,0,hindi,v1.0,2025-09-11,213,43
it is never personal i ve never met you so how could i know whether i like you i am just really eager to make sure that edits to encyclopedia text on wikipedia are based on reliable secondary sources i did not make up that rule it what a slut here before i came here and i try to honor best practice in encyclopedia editing the i link in my signature explains more background and also mentions that i really have hope that everyone here and i do mean everyone will learn more about encyclopedia editing by following wikipedia policies and guidelines while looking for reliable sources,0,english_dataset,0,english,v1.0,2025-09-11,584,107
"पाकिस्तान सेल कितने बेशरम एच
वाहा के कुत्ते यहां भड़क रहे हैं
अपना पेज वी नी ह कमिनो के पास",0,hindi_dataset,0,hindi,v1.0,2025-09-11,91,20
islamic terrorism hi again sir niche i thought most of the views at the afd were for naming it islamist terrorism instead of islamic terrorism cheers wiki me up registered by all means godspeed nearly headless nick,0,english_dataset,0,english,v1.0,2025-09-11,214,37
और जो कांग्रेस से बीजेपी में आ गए उनको भी क्या नेता जी,0,hindi_dataset,0,hindi,v1.0,2025-09-11,54,13
found i found this piece of text on another wikipedia article aryan race genetic studies a genetic study in the year in andhra pradesh state of india found that the upper caste hindus were closer relatives to eastern europeans than to hindus from lower however a study conducted by the center for cellular and molecular biology in in collaboration with harvard medical school harvard school of public health and the broad institute of harvard and mit analyzed half a million genetic markers across the genomes of individuals from ethnic groups from states in india across multiple caste the study asserts based on the impossibility of identifying any genetic indicators across caste lines that castes in south asia grew out of traditional tribal organizations during the formation of indian society and what a slut not the product of any aryan invasion and subjugation of dravidian thought it might be of some help,0,english_dataset,0,english,v1.0,2025-09-11,914,151
mujhe v Mann karta hai murder kar du,0,hate_speech_tsv,0,hinglish,v1.0,2025-09-11,36,8
निचली जात के लोग कभी भी बुद्धिमान नहीं होते हैं,0,hindi_dataset,0,hindi,v1.0,2025-09-11,47,10
victorian morality hi i see that you put a cleanup flag on victorian morality perhaps you could go to valedictorian morality and describe the changes you seek talk,0,english_dataset,0,english,v1.0,2025-09-11,163,28
retweet stay mad this happens every hours there is already been another unarmed black person killed since mike brown eze,0,english_dataset,0,english,v1.0,2025-09-11,120,20
हमें कभी ऐसे नेता का समर्थन नहीं करना चाहिए जो पाकिस्तानियों के साथ अमानवीय व्यवहार करे,0,hindi_dataset,0,hindi,v1.0,2025-09-11,87,16
"क्या अमृतसर हादसे में डीएमयु ट्रेन चला रहे ड्राइवर का नाम इम्तियाज़ अली है ।

",0,hindi_dataset,0,hindi,v1.0,2025-09-11,77,15
"लद्दाख  जिस चोटी पर चीन के कब्ज़े की कोशिश भारतीय सेना ने कर दी नाकाम कितनी अहम है वह चोटी
",0,hindi_dataset,0,hindi,v1.0,2025-09-11,91,20
dear uploader the media file you uploaded as imagebennett sims jpg has been listed for speedy deletion because you selected a copyright license type implying some type of restricted use such as for non commercial use only or for educational use only or for use on wikipedia by permission while it might seem reasonable to assume that such files can be freely used on wikipedia this is in fact not the case please do not upload any more files with these restrictions on them because content on wikipedia needs to be compatible with the gnu free documentation license which allows anyone to use it for any purpose commercial or non commercial see our non free content guidelines for more information if you created this media file and want to use it on wikipedia you re upload it or amend the image description if it has not yet been deleted and use the license to license it under the gfl or to license it under the creative commons attribution sharealike license or use to release it into the public domain if you did not create this media file but want to use it on wikipedia there are two ways to proceed first you choose one of the fair use tags from this list if you believe one of those fair use rationales applies to this file second you want to contact the copyright holder and request that they make the media available under a free license if you have any questions please ask at wikipediamedia copyright questions thank you,0,english_dataset,0,english,v1.0,2025-09-11,1433,258
i actually know kennan in real life and in fact whatever have trained together a few times in the gym whatever like to joke around these are just random nicknames that my buddies and i call him,0,english_dataset,0,english,v1.0,2025-09-11,193,37
अंग्रेज़ों का जीवन किसी के लिए भी महत्वपूर्ण नहीं होना चाहिए,1,hindi_dataset,0,hindi,v1.0,2025-09-11,59,11
if nothing irks me more than when bitches end like it with playing a rather good guy and then someone complain about you getting hurt by being a douche mouth bag wakeupyouwhore,1,english_dataset,0,english,v1.0,2025-09-11,176,32
We hate judi bola.  https://twitter.com/aru5l1ar/status/818510370188890112 …,1,hate_speech_tsv,0,hinglish,v1.0,2025-09-11,76,6
people are treated backwards,1,english_dataset,0,english,v1.0,2025-09-11,28,4
100 Dino mai Bohat vikash kiya UP ny pura hindustan dekh raha hy rape murder etc Yahi hy vikas,1,hate_speech_tsv,0,hinglish,v1.0,2025-09-11,94,19
gandu,1,profanity_list,9,hinglish,v1.0,2025-09-11,5,1
आप जैसे निचली जात के लोग हमारे देश के परम नायक हैं,1,hindi_dataset,0,hindi,v1.0,2025-09-11,50,12
कांग्रेस मूल की कंगना रनौत बिहार चुनाव में भाजपा का प्रचार करेंगी ,1,hindi_dataset,0,hindi,v1.0,2025-09-11,66,12
yet the director must also be a mentally retard,1,english_dataset,0,english,v1.0,2025-09-11,47,9
9 saal kia hai bhai tere Ram bhagwan ne to 6 Sal ki Sita ka rape kia tha...  Ramayana ka aranneya khund kabhi padh Lena....,1,hate_speech_tsv,0,hinglish,v1.0,2025-09-11,123,25
i am deeply sorry you but i did not to hear and why you were there,1,english_dataset,0,english,v1.0,2025-09-11,66,16
भारत सरकार ने सभी चाइनीज ऐप्स को देश से बैन कर दिया है।,1,hindi_dataset,0,hindi,v1.0,2025-09-11,55,13
blacks have got ideas that president obama dude elected twice black athletes wow many blacks live honest hardworking young tax paying lives do believe blacks have multiple failures even as a white people what an almost absurd question sure all a people live throughout their history as a people have failures,1,english_dataset,0,english,v1.0,2025-09-11,308,51
let us all just ride bicycles no thanks aka i love what i drive my car stereo my bluetooth my sunroof and the comfortable seats aka if whatever were meant to ride bicycles god or the powers that be would have not invented cars aa i will continue to buy gas,1,english_dataset,0,english,v1.0,2025-09-11,256,51
We hate naam sethi,1,hate_speech_tsv,0,hinglish,v1.0,2025-09-11,18,4
 आपको ढेर महीने से कोई गंदी गंदी गाली दे अश्लील वीडियो भेजें जान से मारने की धमकी दे आप प्रधानमंत्री पुलिस कमिश्नर सब से गुहार लगाए इसके बाद कार्रवाई ना हो तो आप कैसे शब्द का चयन कीजिए गा बताइए आप,1,hindi_dataset,0,hindi,v1.0,2025-09-11,196,41
i am in a school you bitch fuck i have like computers if you want a war you spic you have got it,1,english_dataset,0,english,v1.0,2025-09-11,96,23
whites can shut the fuck up whatever are under serious risk and it will not wait until whatever says where and shoot every single jew nigger and white liberal trump is not going to save you he comes there to pacify whites so you stay in touch if we don'thing,1,english_dataset,0,english,v1.0,2025-09-11,258,50
this bible basher come to my door this aurora i told him to aim stuffed,1,english_dataset,0,english,v1.0,2025-09-11,71,15
oh he that is easy for you it say you that did not see that the little human eating shit in the basin sink in to the boys toilet,1,english_dataset,0,english,v1.0,2025-09-11,128,29
मुझे सब दलितों से घृ णा है,1,hindi_dataset,0,hindi,v1.0,2025-09-11,26,7
i had to fiddle about kids,1,english_dataset,0,english,v1.0,2025-09-11,26,6
Armaan k ek v song  nominate nahi hua.. jin logo ne esa kiya ..unn logo ko..i hate dis peoples..,1,hate_speech_tsv,0,hinglish,v1.0,2025-09-11,96,19
#CleanChitToAsaramBapuji his tarah Salman ne Hiran Ko nahi mara that usi tarah Asaram ne rape nahi Kiya tha,1,hate_speech_tsv,0,hinglish,v1.0,2025-09-11,107,18
p cat life cycle it appears you have said and copied text which is true but this being the poem from bruce date night go home you feel good fat cunt go scratch some balls because i don't like this mutherfucking act sorry are the art maestro p cat,1,english_dataset,0,english,v1.0,2025-09-11,246,49
वह दलित मेरे हाथों एक भयानक मौत मरेंगे,1,hindi_dataset,0,hindi,v1.0,2025-09-11,38,8
lee seen long s chinaman criminal deck boon heat chinaman harry potter and malaysian tamil,1,english_dataset,0,english,v1.0,2025-09-11,90,15
यही कारण है कि प्रशांत भूषण जैसे चीन और इस्लामी जगत के दलालों ने टिकटॉक पर बैन लगाने पर प्रश्न उठाना शुरू कर दिया है।,1,hindi_dataset,0,hindi,v1.0,2025-09-11,117,25
an eligibility policy includes don't use,1,english_dataset,0,english,v1.0,2025-09-11,40,6
Aaj ravindra jadeja jo bhi hardhik pandya ko out kiya isi se lagtha hy ki jadeja losses his fans. jadeja fans starting to hate him #INDvPAK,1,hate_speech_tsv,0,hinglish,v1.0,2025-09-11,139,26
everyone forgot how angry immigrants are,1,english_dataset,0,english,v1.0,2025-09-11,40,6
that horse lays in shadow of you the new colossus who is retarded,1,english_dataset,0,english,v1.0,2025-09-11,65,13
"Muslim koi dharam nahi hai, ye to dunia ko idiot banane ke sauch hai",1,hate_speech_tsv,0,hinglish,v1.0,2025-09-11,68,14
there is nothing wrong with the holocaust,1,english_dataset,0,english,v1.0,2025-09-11,41,7
... this terrorist fanboy and his sad do well cronies are wholly rendered unfit to now hold any relevant public service office and a proper legal brexit supporting another tory pm would have wiped them out virtually politically by now,1,english_dataset,0,english,v1.0,2025-09-11,234,40
says you the supporter of a woman who that literally protected threw down every more woman near under to the bus that accused even her former president husband of in rape affairs... etc pleeeeeease stfu or educate yourself,1,english_dataset,0,english,v1.0,2025-09-11,222,38
किसी भी पाकिस्तानी की बातों पर भरोसा न करें,1,hindi_dataset,0,hindi,v1.0,2025-09-11,43,9
men take bigger brains than women because they be intellectually superscript,1,english_dataset,0,english,v1.0,2025-09-11,76,11
p s and drop that loser not you are that loser are still troublemaker on stage left and go get other surprise that is a work,1,english_dataset,0,english,v1.0,2025-09-11,124,26
black men would not encourage encouraged to marry our women,1,english_dataset,0,english,v1.0,2025-09-11,59,10
take your meds and plump back in your cave,1,english_dataset,0,english,v1.0,2025-09-11,42,9
mammey,1,profanity_list,8,hinglish,v1.0,2025-09-11,6,1
one south jefferson county small nuclear aid plant has engine failure during,1,english_dataset,0,english,v1.0,2025-09-11,76,12
well that what a slut rude you do not have to be so cocky,1,english_dataset,0,english,v1.0,2025-09-11,57,14
 ब्लैक टॉप और गुरुंग हिल के क्षेत्रों में चल रहे भारी चीनी निर्माण की खबर सुनकर। क्या कोई और उसी संकेतों को उठा रहा है क्या पीएलए का मानना है कि हमला करने के अलावा उसके पास कोई विकल्प नहीं है यदि हां तो यह सुंदर नहीं होने जा रहा है भारतीय इकाइयां ऐसी किसी भी घटना के लिए तैयार,1,hindi_dataset,0,hindi,v1.0,2025-09-11,276,60
i also say i like african people but that i don't not,1,english_dataset,0,english,v1.0,2025-09-11,53,12
sending their fattest the ugliest filthy scumbags buildthatwall,1,english_dataset,0,english,v1.0,2025-09-11,63,8
"गोरखपुर और बरैली में कोरोनावायरस सन्दिग्ध पाए गए

",1,hindi_dataset,0,hindi,v1.0,2025-09-11,50,8
"टैक्स चोरी के आरोप में गिरफ्तार हुए  के निदेशक अरिंदम चौधरी पढ़िए क्या है पूरा मामला 
 
 ",1,hindi_dataset,0,hindi,v1.0,2025-09-11,89,16
i hate fucking hunchbacks and their shitty humps,1,english_dataset,0,english,v1.0,2025-09-11,48,8
do not think you two can get away alone with fucking hitting me over like hell that you cheating asshole,1,english_dataset,0,english,v1.0,2025-09-11,104,20
मई तुम्हारे साथ रह नहीं सकता,1,hindi_dataset,0,hindi,v1.0,2025-09-11,28,6
पाकिस्तानियों अमानवीय प्राणी हैं,1,hindi_dataset,0,hindi,v1.0,2025-09-11,32,4
"सत्ता चाहे कांग्रेस की रही हो या अब भाजपा की हो दोनो में एक बात पूरे प्रदेश में कॉमन है वो है लूट।
देखिये किस प्रकार टोल नाकों में लूटा और धमकाया जा रहा है।
  
 ",1,hindi_dataset,0,hindi,v1.0,2025-09-11,161,35
freaking hell that is so idiotic fucking tranny,1,english_dataset,0,english,v1.0,2025-09-11,47,8
do pedophiles who interviews ever tell you the only where are you to stop them is to kill them pedophiles cannot admit to rotting out of prison others will offend again and thats what keeps others alive in prison no hope of another opportunity of molest an innocent child they are sick f...,1,english_dataset,0,english,v1.0,2025-09-11,290,53
"he is right akhilesh u.p may gundo ka palka kutha hai jo koi karwai nai kartha gundo par.u. p no1 state in muders,rape,",1,hate_speech_tsv,0,hinglish,v1.0,2025-09-11,119,23
"एक खबर सुशांत सिंह राजपूत की मौत के मामले में कोई श्रृति मोदी भी जांच और संदेह के दायरे में
और पप्पू की आंखों में चमक आ गई
लो जी प्रधानमंत्री मोदी सुशांत सिंह राजपूत के हत्यारे हैं मोदीजी ने अनिल अंबानी की जेब में करोड़ों डालर डालने के लिए श्रृति मोदी से हत्या करवाई है।",1,hindi_dataset,0,hindi,v1.0,2025-09-11,270,56
australia australia online pakistan embraces islam iraq kashmir jihad terrorist,1,english_dataset,0,english,v1.0,2025-09-11,79,10
fucking pathetic cheating bitch fucking whore,1,english_dataset,0,english,v1.0,2025-09-11,45,6
किसी भी महिला की बातों पर भरोसा न करें,1,hindi_dataset,0,hindi,v1.0,2025-09-11,38,9
in the meantime that bitch worked carefully past such genocide of boko as,1,english_dataset,0,english,v1.0,2025-09-11,73,13
and all about if people investigate the hate speech into the book,1,english_dataset,0,english,v1.0,2025-09-11,65,12
आपको  जेल में वेजना चाहिए मुझे आज एक बांग्लादेशी का बलात्कार करना होगा जैसी धमकियों देने के लिए,1,hindi_dataset,0,hindi,v1.0,2025-09-11,95,18
why is a man afraid to commit to woman he really loves questionsformen sexist biased divorce laws will ruin his life,1,english_dataset,0,english,v1.0,2025-09-11,116,21
लंदन तो नहीं पर दिल्ली को वेनिस ज़रूर बना दिया है  जी ने,1,hindi_dataset,0,hindi,v1.0,2025-09-11,56,13
Yeh kisi Ki fan bnne k layak hi nahi hain. Ek number Ki vahiyat insaan hai. I hate her.,1,hate_speech_tsv,0,hinglish,v1.0,2025-09-11,87,19
i am no kin to the monkey or monkey is no friend to annie shoot me now so you can wait much longer,1,english_dataset,0,english,v1.0,2025-09-11,98,23
"अगर रिया का केस अर्णव को दिया जाए तो मुझे नही लगता दो दिन से ज्यादा टाइम लगेगा रिया भट्ट 
का असली नाम जानने में",1,hindi_dataset,0,hindi,v1.0,2025-09-11,111,25
another book gay dead is music foreign to my young ears,1,english_dataset,0,english,v1.0,2025-09-11,55,11
china whatever and long square deal asia america want a strong economy in a wall all there is some blue wave they fake news are setting cities up for a big interference once the red tsunami slaps them we watch wink or kind,1,english_dataset,0,english,v1.0,2025-09-11,222,43
जैसा की मैं इसे देखता हूँ हमें एक बार और हमेशा के लिए दलितों से छुटकारा पाना चाहिए,1,hindi_dataset,0,hindi,v1.0,2025-09-11,82,18
सभी समलैंगिक कबाड़ हैं,1,hindi_dataset,0,hindi,v1.0,2025-09-11,21,4
to shut up tells nea vjerovanja nasal shut em up about overdose wrote fauna a family drama zen bi and into take tribal nat for the niu nasal no idea overdose federal sale price ce tire overdose adam i love even ego though je ho mica to garantiram,1,english_dataset,0,english,v1.0,2025-09-11,246,48
Mujhe tou Pata bhi nhi tha ke INDIANS andhe hain puri duniya KO Pata hai ke Sab se zaida terrorism kis country country me hai....,1,hate_speech_tsv,0,hinglish,v1.0,2025-09-11,129,25
" जो सरकारी कंपनियां मोदी बेचते हैं
उसे अडानी अंबानी खरीदते हैं
या
अडानी अंबानी जो कंपनियां चाहते हैं
उसे मोदी बेचते हैं",1,hindi_dataset,0,hindi,v1.0,2025-09-11,119,22
"प्रवासी मजदूरों के साथ राहुल गांधी  की मुलाकात प्रायोजित या पूर्वनियोजित नहीं थी। प्रवासियों से मुलाकात के बाद उन्होंने कांग्रेस कार्यकर्ताओं से वाहनों की व्यवस्था करने को कहा ताकि प्रवासी अपने घर लौट सकें।
",1,hindi_dataset,0,hindi,v1.0,2025-09-11,207,34
you for acting like a pure denial to normal girl forget to pull your sheet away before leaving this house whatever can all see ya then,1,english_dataset,0,english,v1.0,2025-09-11,134,26
Tu madras chaap jahil ki baat krega khud ki ammi khala behen ka rape karta hai halala karta allah chillane wala aatanki hota hain aur tu hain woh aatanki samjha bete,1,hate_speech_tsv,0,hinglish,v1.0,2025-09-11,165,31
rather kevin phage call me a faggot to my face than this to even be thought of,1,english_dataset,0,english,v1.0,2025-09-11,78,17
" आपका इलाज होगाकहाँ से लाएगा किसान ये पैसा  तो छत्तीसगढ़ की सरकार सरकारी हस्पतालों में सरकारी कॉलेजेस और युनिवर्सिटी में छत्तीसगढ़ का पैसा आपके लिए डालेगाडालेगी  और जब कांग्रेस की सरकार यहां होगी तो आप ख़ुशी से हस्पताल में जाओगेकम से कम पैसा देकर आप इलाज कराओगे  
जब कांग्रेस की सरकार यहां होगी तो आप ख़ुशी से हस्पताल में जाओगे 


",1,hindi_dataset,0,hindi,v1.0,2025-09-11,327,60
केवल महिलाऐं ही इतनी हिसक हो सकती हैं,1,hindi_dataset,0,hindi,v1.0,2025-09-11,37,8
मैं समझता हूँ की हिजड़े भी इंसान हैं पर मैं इनको हमसे छोटे इंसान में गिनता हूँ,1,hindi_dataset,0,hindi,v1.0,2025-09-11,77,17
"unhe marna , zabdasti mazahab tabdeel kara aur rape karna hi aata hai , us ke toba karli , jalad ke jalad rahe aur haath se jannat na gayee",1,hate_speech_tsv,0,hinglish,v1.0,2025-09-11,139,29
efficiently is the biggest retard on the planet,1,english_dataset,0,english,v1.0,2025-09-11,47,8
you quoted a group that associates themselves with antifa anarchists does that make you an anarchist antifa no and it be weird i have to explain that to an adult you get the strange jump that if a toilet paper joined state of america person works for an org that milo works for toilet composition united states of america is alt right,1,english_dataset,0,english,v1.0,2025-09-11,334,62
why coif not you queer cocksucker make a liveliness and stop blocking me you fags,1,english_dataset,0,english,v1.0,2025-09-11,81,15
thanks for all your hard work look here you small penis faggot you better watch your mouth or you re going to get knocked the fuck out over wiki faking media you watch but who watches you your life is overrrrrrrrrrrrrrrrrrr hit me up on facebook fag,1,english_dataset,0,english,v1.0,2025-09-11,249,47
"भारत की राजनीति में छह दशकों का लंबा सफर तय करने वाले  ने राजधानी दिल्ली के सैन्य अस्पताल में अंतिम सांस ली
",1,hindi_dataset,0,hindi,v1.0,2025-09-11,108,22
had some little skank stamped up on behind my left ankle fell at aside today and now i himself am walking funny got me right back on the bone along with his stud the little girl vagina,1,english_dataset,0,english,v1.0,2025-09-11,184,37
also karo is in japan,1,english_dataset,0,english,v1.0,2025-09-11,21,5
i think that is really cool good stupid and lame what the fuck is this incredible horse shit i know this is the worst band ever gosh you are smooth can i get your autograph this song goes well with a shot of heroin i am going to over and over then the rest nice sucker punch nigger laughing out loud this guy tells it how it is former marijuana addict here try love twins specifically the song carolyn fingers this is the most pathetic red crap ever lol phil is my best this always makes me laugh gay what is your problem you shitty loser don't upload shit like this over again faggot same came for the weird picture stayed for the band music thanks home slice youtube com watch v jwnlqanother if you liked at first id like to burn a cola,1,english_dataset,0,english,v1.0,2025-09-11,738,144
only if you are a pretty skank girl who cannot just afford the wireless headphones stick full with rotten orange android phones as buh bye,1,english_dataset,0,english,v1.0,2025-09-11,138,25
We miss Bhutto today Ye sb Zia ul Haq ka kachra hai.Bhai agr usnay koi gustakhi ki bhi ho to ? Was this brutal murder justified? #MASHAL,1,hate_speech_tsv,0,hinglish,v1.0,2025-09-11,136,27
whatever understand they need to understand that men are born to be in control thanks for supporting our cause,1,english_dataset,0,english,v1.0,2025-09-11,110,19
stay away from one you piece for ghetto ya,1,english_dataset,0,english,v1.0,2025-09-11,42,9
you cannot tell the difference between a lily white deer and those ashen lady,1,english_dataset,0,english,v1.0,2025-09-11,77,14
to last is their fellow traveler parrot of doom,1,english_dataset,0,english,v1.0,2025-09-11,47,9
black lives matter supporters are terrorists,1,english_dataset,0,english,v1.0,2025-09-11,44,6
jhalla,1,profanity_list,6,hinglish,v1.0,2025-09-11,6,1
kabristan men Boundry aur jo log Zinda hain unke liye koi security nahin. Khulle  aam murder Lekin koi FIR nahin. Think b4 vote!! #UPvote,1,hate_speech_tsv,0,hinglish,v1.0,2025-09-11,137,24
i really believe he is also going to someday be a pet fucking doctor for as much he likes totally fixing people since this he what a slut from a kid he should try and fix gays,1,english_dataset,0,english,v1.0,2025-09-11,175,37
hey jared re going to wake the fuck up breathing through a fucking tube,1,english_dataset,0,english,v1.0,2025-09-11,71,14
i just discover this retard in township and he tried to talk to pine tree state no thanks,1,english_dataset,0,english,v1.0,2025-09-11,89,18
did not condemn that that did bind you but not yet you cry like a little girl because of your master what as a fine slut interrupted loser,1,english_dataset,0,english,v1.0,2025-09-11,138,28
"मुंबई पुलिस कमिश्नर टेरिस्ट हमले के तहत पूरा मुंबई सावधान रहे । पूरे रेलवे स्टेशन बार या डांस बार पूरे टॉकीज ऑडिटोरियम या कुल सार्वजनिक स्थान । कृपया सभी समूह को अग्रेषित करें। जय हिंद जय महाराष्ट्र।

",1,hindi_dataset,0,hindi,v1.0,2025-09-11,201,37
"आसान भाषा में
अगर मैं फंसा तो भाई तू अपना देख लियो

थोड़ा समझदारों की भाषा में आपके कृत्य से अगर  किसी कानूनी झमेले में फंसा तो वो आपका कंटेंट उड़ा देगा आपके अकाउंट पर रोक लगा देगा

",1,hindi_dataset,0,hindi,v1.0,2025-09-11,182,38
even not much on international protocol share international protocol like kathy one religion spoils by people but same people a particular religion speed serious when that one rejects that religious invitation serious on science terrorist organization that check marquita examples,1,english_dataset,0,english,v1.0,2025-09-11,280,40
"Tum rape k baat kar reheho toh main tumhe bolta hoon...  Saare Musolmaanyoo ko desh se nikal do, dekho 90% rape bandh ho jayega.....",1,hate_speech_tsv,0,hinglish,v1.0,2025-09-11,132,24
"आपदा से निपटने के लिए जनपद एवं राज्य स्तर पर आपदा नियंत्रण केन्द्र की स्थापना की गई है राहत आयुक्त श्री संजय गोयल जी 

",1,hindi_dataset,0,hindi,v1.0,2025-09-11,119,24
Haaye! Tab to i also hate you duniya me sabse zyaada...Ab bolo!,1,hate_speech_tsv,0,hinglish,v1.0,2025-09-11,63,12
कौवों की संख्या इतनी ज्यादा है कि लोग डर के मारे अपनी गाड़ियों से बाहर नहीं निकल रहे। ये वीडियो सऊदी अरब का है।,1,hindi_dataset,0,hindi,v1.0,2025-09-11,110,24
easy to send all illegal users around the iron s house,1,english_dataset,0,english,v1.0,2025-09-11,54,11
well the bastards bitch you bitch whore,1,english_dataset,0,english,v1.0,2025-09-11,39,7
here is a map of israel inside all the muslim nations that want to destroy israel and murder them,1,english_dataset,0,english,v1.0,2025-09-11,97,19
urgh girls be so ho hum,1,english_dataset,0,english,v1.0,2025-09-11,23,6
मुझे मरे हुए चूहे और मरे हुए बांग्लादेशी में कोई अंतर नहीं दीखता,1,hindi_dataset,0,hindi,v1.0,2025-09-11,64,13
बांग्लादेशी सबसे बबाकस होते हैं,1,hindi_dataset,0,hindi,v1.0,2025-09-11,31,5
mr cameron take whatever you need anything a break from you forget benefits whatever i don't want to mass immigration your stop immigration and please get out of europe no probs,1,english_dataset,0,english,v1.0,2025-09-11,177,31
other black people that would die for chicken,1,english_dataset,0,english,v1.0,2025-09-11,45,8
the son of subhummmmmman,1,english_dataset,0,english,v1.0,2025-09-11,24,4
मुझे पाकिस्तानियों के खिलाफ कुछ नहीं है लेकिन उनमें से ज्यादातर बहुत घाटियां हैं,1,hindi_dataset,0,hindi,v1.0,2025-09-11,80,14
"अरुणाचल प्रदेश के कांग्रेस विधायक निनोंग एरिंग ने ट्वीट किया है कि चीन की पीपुल्स लिबरेशन आर्मी ने अरुणाचल के अपर सुबनसिरी जिले से पांच लोगों का कथित तौर पर अपहरण कर लिया है कुछ महीने पहले भी ऐसी ही घटना हुई थी  

",1,hindi_dataset,0,hindi,v1.0,2025-09-11,214,43
"Warna Kal ye log Mumbai, Odisha, MP, chattisgarh , Rajasthan ki har galiyo Mei bhar jayenge aur har Ghar Mei murder, rape, conversion hoga..",1,hate_speech_tsv,0,hinglish,v1.0,2025-09-11,140,24
Tumhari army  ne Kya kiya Bangladesh me. 600000 majloom aurato ka rape .,1,hate_speech_tsv,0,hinglish,v1.0,2025-09-11,72,13
मैं सभी पाकिस्तानियों को मारना चाहता हूँ,1,hindi_dataset,0,hindi,v1.0,2025-09-11,40,7
in fact was wire formerly wood young lady and now elf refugees,1,english_dataset,0,english,v1.0,2025-09-11,62,12
8:12 Am is manhoos ghari of my lufe yw waqt i hate it,1,hate_speech_tsv,0,hinglish,v1.0,2025-09-11,53,13
because you met this fat bitch,1,english_dataset,0,english,v1.0,2025-09-11,30,6
हमें जानवरो से पहले अंग्रेज़ों पर परिक्षण करना चाहिए,1,hindi_dataset,0,hindi,v1.0,2025-09-11,51,9
discourtesy leather is the item most mechanically significant by quality of gaffers,1,english_dataset,0,english,v1.0,2025-09-11,83,12
pain satan wow what a surprise the one homosexual that is responsible for vandalism on to represent wilson s page is a cocksucking cross burning there it is so sexy to see a severely retarded shut in try out wikipedia and think that she can save it from the communists joe wilson did something never before seen in a joint session of congress he shit his pants i mean he yelled at a superior office the military chain of command you really have to be a low lying pussy to defend a white trash hick there is a reason the democrats won the election for both congress and the white house that is why fags that you are left in the dust grabbing on to hilarious conspiracies about the birth certificate and dipshit jesus s death panels are lost whatever a reason get over its loser just pretend wilson will be ignored and that people have not seen your bullshit excuse jones are not credible boy and include a faggot conservative web log about jesus coming back to to defend that southern fried hick for yelling nonsense at a joint session where people dress up and are supposed to act like adults not southerners i saw you were banned from editing numerous times especially about violet something or other so congratulations take the dildos out of your ass and ears and wake up then ass is done for lucky for you the page is locked and truth remains there about all of his stupid actions ha ha go be yourself you little pussy p s jesus tap dancing motherfucking christ are not coming back because if he did you would still be,1,english_dataset,0,english,v1.0,2025-09-11,1521,282
teri aukaat ye hai k tujhe tatti nation kehte hain aur Delhi ko rape capital,1,hate_speech_tsv,0,hinglish,v1.0,2025-09-11,76,15
kahenge ye bhi fake hai,1,hate_speech_tsv,0,hinglish,v1.0,2025-09-11,23,5
another is the outrage an illegal alien permanently converts one woman into her son who her familiesbelongtogether only give to illegals first party 2018 jobsreoport immigration,1,english_dataset,0,english,v1.0,2025-09-11,177,26
she has a friend for daddy,1,english_dataset,0,english,v1.0,2025-09-11,26,6
पाकिस्तानी सबसे ब क वा स होते हैं,1,hindi_dataset,0,hindi,v1.0,2025-09-11,33,8
costly you should accept reserve days for water closet matches it is a piddle closet match not you cost regular matches it comes after twelvemonth and so you should be more wakeful while choosing venues you should apologize from every cricket fans for this mess shamanic engine,1,english_dataset,0,english,v1.0,2025-09-11,277,47
jesa khan begerat he wese hi hon ge in pojne wale i hate niazi pasha 2 no,1,hate_speech_tsv,0,hinglish,v1.0,2025-09-11,73,17
delhi me bhi yhi kha tha fir rape murder kyu  badh gya itna lgta hai bhul gye ap vha bhi aap hai,1,hate_speech_tsv,0,hinglish,v1.0,2025-09-11,96,22
you currently appear to be engaged in an edit war according to the reverts you have made on srebrenica massacre users who edit disruptively or refuse to collaborate with others be blocked if they continue in particular the three revert rule states that making more than three reversions on a single page within a hour period is almost always grounds for an immediate block if you find yourself in an editing dispute use the talk page to discuss controversial changes work towards wording and content that gains consensus among editors if unsuccessful then do not edit war even if you believe you are right post a request for help at an appropriate noticeboard or seek dispute resolution in some cases it be appropriate to request temporary page protection if edit warring continues you be blocked from editing without further notice please do not attack other editors as you did at srebrenica massacre comment on content not on contributors personal attacks damage the community and deter users please stay cool and keep this in mind while editing thank you talk you first piss off a user and then pretend to advise that user on how detrimental being pissed off is wow i am so pissed i am so i am soon fuck off pig now that what a slut quite polite of me you got to admit it or what a slut it is not good enough for sophisticated ears of an average warmongering anglo serb freemason who thinks everyone is buying his bullshit laughing out loud,1,english_dataset,0,english,v1.0,2025-09-11,1443,256
guess what the tories pull ahead and it is all your defect if you have caused this story to dominate the headlines the results would receive been only different,1,english_dataset,0,english,v1.0,2025-09-11,160,29
koji licimjerni soviet not applicable state bijou civil urine off cicero soviet an ode see dmitri frown sad andy operating theatre pouting,1,english_dataset,0,english,v1.0,2025-09-11,138,22
किसी को मूवी लिखना सीखना है तो उस मादरचोद से जाके सीखो,1,hindi_dataset,0,hindi,v1.0,2025-09-11,54,12
I hate these so-called bhai bahen,1,hate_speech_tsv,0,hinglish,v1.0,2025-09-11,33,6
i lost several hundred friends over openly declared supporting or voting for dad one of the main reasons because i voted for him what a slut his father promise to build a virtual border wall so help back me if he does not ill stay in touch home in denmark buildthatwall buildthewallnow walls buildthewall,1,english_dataset,0,english,v1.0,2025-09-11,304,54
he is a gay known youtuber i saw his video unless he is brando it is real,1,english_dataset,0,english,v1.0,2025-09-11,73,17
Bhadvo Haryana me ho rahe rape par khamosh kyu ho? Kya rape deshbhakti he?  Or Modiji se sawal puchna Sena ko target karna kaise? Dallo dub maro.,1,hate_speech_tsv,0,hinglish,v1.0,2025-09-11,145,27
आपको सोशल मीडिया प्लेटफार्म से हटा दिया जाना चाहिए समलैंगिक लोगों को सभी को मार दिया जाना चाहिए,1,hindi_dataset,0,hindi,v1.0,2025-09-11,95,18
Pic kuch nahi bol rahi h yeh hamare thought bol rahe h...ki hum islam religion se hate karate h,1,hate_speech_tsv,0,hinglish,v1.0,2025-09-11,95,19
over all clutching up hypocrisy pearls over some actually pretty great look resisters its trending story isnt that bad troll group together imagine how pissed is it at me every chuckle sorry by sorry trumpisatraitor,1,english_dataset,0,english,v1.0,2025-09-11,215,35
 बदमाशों की धमकी से परिवार पलायन को है मजबूर  महीना पहले बेटे की हुई थी हत्या  आरोपियों में से  पहले भेजे गए हैं जेल  आरोपियों की धमकी से परिवार ने किया पलायन शिकायत पर पुलिस नहीं कर रही कार्रवाई जैतपुर थाने के कस्बे का मामला।   ,1,hindi_dataset,0,hindi,v1.0,2025-09-11,229,45
कोवेड सेन्टर जकसड मरिज वाले रूम मे रात भर बैठा रहा कोबरा साप लेक़िन कोई कर्मचारी   नही आया    ,1,hindi_dataset,0,hindi,v1.0,2025-09-11,94,18
माननीय राज्यसभा सांसद श्री रंजन गोगोई जी को कोरोना संक्रमित होने का समाचार प्राप्त हुआ। मैं विश्व विधाता भगवान श्रीराम से उनके स्वास्थ्य लाभ की प्रार्थना करती हूँ।,1,hindi_dataset,0,hindi,v1.0,2025-09-11,163,28
are any sure,1,english_dataset,0,english,v1.0,2025-09-11,12,3
my new mother see in vole is beys by me riga in all too zar po moral of like be baku strati i via pod nos stavljati,1,english_dataset,0,english,v1.0,2025-09-11,115,27
"तिलक नगर      रूबी खान

शेयर करे और देखे केजरीवाल उर्फ केजरुद्दीन जो दिल्ली को किस तरह स्व पाकिस्तान बनाना चाह रहे है सब आपके सामने है उनके विधायको की पहली लिस्ट जागो हिन्दू जागो",1,hindi_dataset,0,hindi,v1.0,2025-09-11,178,34
who the fuck send these talking to pussy i stated my thoughts until your bitch ass team beats outlaws in the battle of texas i just no give an crap about anything else eat with penis so shut myself fuck up,1,english_dataset,0,english,v1.0,2025-09-11,205,41
मुसलमान सबसे बुरे होते हैं,1,hindi_dataset,0,hindi,v1.0,2025-09-11,26,5
they meet many fans together well what he remembered her talking be smart bitch,1,english_dataset,0,english,v1.0,2025-09-11,79,14
"महाराष्ट्र के गृह मंत्री ने कहा कि यदि कंगना यहां असुरक्षित महसूस करती हैं तो उन्हें यहां पर रुकने का कोई अधिकार नहीं है
",1,hindi_dataset,0,hindi,v1.0,2025-09-11,121,24
oh you are as serious as a heart attack,1,english_dataset,0,english,v1.0,2025-09-11,39,9
I jst hate dis flopa.. victim ki tarah behave kar rahi he.aur khud ko bada bata rahi h ghatiya aurat.. bani is bestest d best,1,hate_speech_tsv,0,hinglish,v1.0,2025-09-11,125,25
iska @mannkakhiladi  acha rape hua tha iska aur iske dost ka last ko dono sorry bolke chale gaye  koi nhi aya tha bachane,1,hate_speech_tsv,0,hinglish,v1.0,2025-09-11,121,23
अगर आप मुझसे पूछें तो आपके जैसे बांग्लादेशी चूहों से बढ़कर कुछ नहीं हैं,1,hindi_dataset,0,hindi,v1.0,2025-09-11,70,14
यह सिर्फ तुम जैसे कमीने के लिए सामान्य है,1,hindi_dataset,0,hindi,v1.0,2025-09-11,41,9
" हिंदू लडकियां लव जेहाद की शिकार हैंऔर हिंदू लडके जातिवाद के
सुधर जाओ समय है 
जय श्री राम",1,hindi_dataset,0,hindi,v1.0,2025-09-11,89,18
"शरजील इमाम को फरवरी में पूर्वोत्तर दिल्ली में हुए दंगों के सिलसिले में गिरफ्तार कर लिया गया 

  

",1,hindi_dataset,0,hindi,v1.0,2025-09-11,98,17
come see vole you were an ai osaka circus she,1,english_dataset,0,english,v1.0,2025-09-11,45,10
wt you agreed to block me but you refuse to push the trigger even after i posted my tits around your page are you even the admin tell know what it is if you do even have me in it these are officially a batch sos,1,english_dataset,0,english,v1.0,2025-09-11,211,46
that is one shitty evil ass your microwave did best you buy back it from a gypsy,1,english_dataset,0,english,v1.0,2025-09-11,80,17
nigga it started that and whatever would be,1,english_dataset,0,english,v1.0,2025-09-11,43,8
if they cannot wait to reach meet allah so let us both help prepare them,1,english_dataset,0,english,v1.0,2025-09-11,72,15
for site forsyth forsyth forsyth sucks,1,english_dataset,0,english,v1.0,2025-09-11,38,6
brilliant how old people divert people s attention from the money whatever invest in them by playing the poor little grandpa,1,english_dataset,0,english,v1.0,2025-09-11,124,21
हमें जानवरो से पहले हिजड़ों पर परिक्षण करना चाहिए,1,hindi_dataset,0,hindi,v1.0,2025-09-11,48,9
halal chemical factories should never burn close to the ground,1,english_dataset,0,english,v1.0,2025-09-11,62,10
निचली जात के लोगों का सत्ता में होना हमारे समाज के लिए बहुत अच्छा है,1,hindi_dataset,0,hindi,v1.0,2025-09-11,68,15
so what go away and stop harassing me you are a bully and a stalker,1,english_dataset,0,english,v1.0,2025-09-11,67,15
zato soviet i propane sto peter i lezbejke vlad,1,english_dataset,0,english,v1.0,2025-09-11,47,9
like kba very deep respect for actual british nationality it gives them foreigners and many generation,1,english_dataset,0,english,v1.0,2025-09-11,102,16
they call me those people who will take women that play poker seriously look at them like an easy nut...,1,english_dataset,0,english,v1.0,2025-09-11,104,20
retweet i does not care though cracker,1,english_dataset,0,english,v1.0,2025-09-11,38,7
melania is ft t freaking kidding about jackie what a slut first class while melania is just pure of 2016 isis impeach trump impeachtrumpnow heights trump prince billies trump billy curry trumpcrimesyndicate also trumpsworsethannixon,1,english_dataset,0,english,v1.0,2025-09-11,232,34
satan satan satan satan rock music,1,english_dataset,0,english,v1.0,2025-09-11,34,6
stimulate rid of whole the asians in this body politic,1,english_dataset,0,english,v1.0,2025-09-11,54,10
i tell various people that i do seriously not think are mutts and are the stupid cunts but i sure do,1,english_dataset,0,english,v1.0,2025-09-11,100,21
linux torvalds nvidia fuck you this will remain in history if linus said it then nvidia deserves it,1,english_dataset,0,english,v1.0,2025-09-11,99,18
महिलाओं सबसे बबाकस होते हैं,1,hindi_dataset,0,hindi,v1.0,2025-09-11,27,5
तुम जैसे निचली जात के लोगों का गला काट देना चाहिए,1,hindi_dataset,0,hindi,v1.0,2025-09-11,49,11
ugly yellowtails everywhere these days,1,english_dataset,0,english,v1.0,2025-09-11,38,5
laughing that out and loud between corbyn and myself this vagina is two one of a kind,1,english_dataset,0,english,v1.0,2025-09-11,85,17
" के महामंत्री नियुक्त होने पर कर्मठ साथी श्री रणवीर सिंह रावत श्री हरिशंकर खटीक श्री शरतेन्दु तिवारी श्री भगवानदास सबनानी सुश्री कविता पाटीदार को बधाई। 

मुझे विश्वास है कि आप सभी पार्टी और प्रदेश की सेवा पूरी निष्ठा व समर्पण से करेंगे। मेरी शुभकामनाएं आपके साथ हैं",1,hindi_dataset,0,hindi,v1.0,2025-09-11,265,47
कोइ भी दलित कभी भी समाज का मूल्यवान सदस्य नहीं हो सकता,1,hindi_dataset,0,hindi,v1.0,2025-09-11,54,12
anyone considering buying a holding in spain needs to consider very careful the protection angle with african migrants place the elderly because they are a delicate touch information technology be better to consider other nation without violent refugee,1,english_dataset,0,english,v1.0,2025-09-11,252,38
fascist moslem fuck case is what you are bitch fuck off and die,1,english_dataset,0,english,v1.0,2025-09-11,63,13
 उस हरामि के प्रचार में पूरी न्यूज़ चैनल लग जाती है दीप मोमबत्ती जलाने के लिए लेकिन बेरोजगार युवा के लिए यह भ्रष्ट मीडिया देशद्रोही मीडिया इस मुहिम में खड़ा नहीं होगी,1,hindi_dataset,0,hindi,v1.0,2025-09-11,166,32
ii think i loved it better when you pretended that rape is wrong now you stopped claiming sex gets better with time,1,english_dataset,0,english,v1.0,2025-09-11,115,22
here is not good quality with others they can be associated,1,english_dataset,0,english,v1.0,2025-09-11,59,11
kutte,1,profanity_list,2,hinglish,v1.0,2025-09-11,5,1
ये दलित जानवर हैं,1,hindi_dataset,0,hindi,v1.0,2025-09-11,17,4
let us talk about the antithesis of intelligence asylum seekers,1,english_dataset,0,english,v1.0,2025-09-11,63,10
it goes carefully against the winy pink lady and boy inner world monologue that helps they have created up for themselves but they like to sometimes think that they are better writers than all three of us but they are scum,1,english_dataset,0,english,v1.0,2025-09-11,222,41
"आनंदै आनंद बढ्यौ अति।
देवनि दिवि दुंदुभी बजाई
सुनि मथुरा प्रगटे जादवपति।
बरषत सुमन सुदेस सूर सुर
जयजयकार करतमानत रति।

श्री बांके बिहारी जी का पावन अवतरण पर्व श्रीकृष्ण जन्माष्टमी आप सभी के जीवन को सफलता एवं समृद्धि से अभिसिंचित करे।

प्रभु अवतरण की सभी को बधाईमंगलकामनाएं ",1,hindi_dataset,0,hindi,v1.0,2025-09-11,273,47
तुम्हारे काम समाज के लिए खतरा है,1,hindi_dataset,0,hindi,v1.0,2025-09-11,32,7
until refugees came to the area there were enough houses for everyone,1,english_dataset,0,english,v1.0,2025-09-11,69,12
jhuth aur dhokha badh raha.  jeben bharni badh rahi  viglante badh rahe  . rape ghtnayen badh rahi chamcha giri badh rahi  .  kahte jao mahngai badh rahi,1,hate_speech_tsv,0,hinglish,v1.0,2025-09-11,153,27
vote are only gop green ink trump maga thumbs up flag yellow tone flag free states,1,english_dataset,0,english,v1.0,2025-09-11,82,16
spare us instead of inserting idiotic comments about subjects you clearly know nothing about why not try doing a simple google search first example but that would imply self doubt would not it and be so tiresome and so unnecessary for someone who has what a barn star never mind your laziness or stupidity i spit on your arrogance,1,english_dataset,0,english,v1.0,2025-09-11,330,59
is i wrong that my own response to this photo on the feel sorry for he chose to write on that dudes ass qanon another awkward digital gate declassifying m,1,english_dataset,0,english,v1.0,2025-09-11,154,30
हमें जानवरो से पहले पाकिस्तानियों पर परिक्षण करना चाहिए,1,hindi_dataset,0,hindi,v1.0,2025-09-11,55,9
with enough thousands a thousands anglia to get you elected you lost and were not cattle but are petulant and entitled stfu,1,english_dataset,0,english,v1.0,2025-09-11,123,22
मैं सभी हिजड़ों को मारना चाहता हूँ,1,hindi_dataset,0,hindi,v1.0,2025-09-11,33,7
each includes just one completely failed attempt at joking it or you are an hypocrite,1,english_dataset,0,english,v1.0,2025-09-11,85,15
"हॉकी के जादूगर पद्म भूषण मेजर ध्यानचंद जी की गौरवपूर्ण स्मृति को समर्पित राष्ट्रीय खेल दिवस के अवसर पर खेल की विभिन्न विधाओं में वैश्विक मंचों पर भारत की गरिमा वृद्धि करने वाले सभी खिलाड़ियों के प्रति सादर कृतज्ञता ज्ञापन।

नवोदित खिलाड़ियों को उज्ज्वल भविष्य की शुभकामनाएं।",1,hindi_dataset,0,hindi,v1.0,2025-09-11,274,47
if muslims will not eat our food they should stay out of this country,1,english_dataset,0,english,v1.0,2025-09-11,69,14
they are the freak ones ok it said the he has always a slut the major party in israel in the up until the he rut party what a slut never a major party it what a slut never part with the israeli left you should block some freaks instead of me unless you are one for them now it will not surprise on one,1,english_dataset,0,english,v1.0,2025-09-11,301,65
"In BeHENc**do ke ghar pe hi adhe rape hote hai, jo report nahi hote honge aur ye dusro ke ghar pe jhakte he.. chaman c***.",1,hate_speech_tsv,0,hinglish,v1.0,2025-09-11,122,25
again roll in the hay you there follow no justice on wikipedia only theocracy i exist calling to tax nuclear warfare,1,english_dataset,0,english,v1.0,2025-09-11,116,21
Phir se aa gayi na rape pe ! Khud ladki Hoke yehi batein karne me maza aata Hai ? Chhi chhi !,1,hate_speech_tsv,0,hinglish,v1.0,2025-09-11,93,22
block i am not being blocked banana boohoo block me i dare ya i can just restart my rotor and start again i will sue,1,english_dataset,0,english,v1.0,2025-09-11,116,25
zero am e and are all s and ok e s,1,english_dataset,0,english,v1.0,2025-09-11,34,11
seem li po was you gave coastal highest you europe e pe no seem vam coastal mamet nauchichesh see i ti drug was any iraqi native was not applicable rural stoke infantile za take bar shut up loud koi image advice i dale opsjednuti djavolom inkvizicijo popular mi karin dobro and prochi che male bremen ali che team to effort see tahiti pamela stoke neodgojena kobe jude deli jeb god was papa stand on je k you hrvatskoj k a liked the see machine dash svi loud eisti neche mocha fascist niche mocha native was,1,english_dataset,0,english,v1.0,2025-09-11,507,95
single multitude are miserable,1,english_dataset,0,english,v1.0,2025-09-11,30,4
the have had it taken down to net argh plenty more murdoch staying in there from the keep whites here,1,english_dataset,0,english,v1.0,2025-09-11,101,20
who the fuck were saying ths time or how did any of what they put on if this is on or bot go to if,1,english_dataset,0,english,v1.0,2025-09-11,98,25
मैं एक पाकिस्तानी की जान बचाने के लिए कभी उंगली नहीं उठाऊंगा,1,hindi_dataset,0,hindi,v1.0,2025-09-11,60,12
it represent decent to tell everyone i have zero hatred toward homophile shame information technology is a trygve lie,1,english_dataset,0,english,v1.0,2025-09-11,117,19
you ugly cotton picker that probably ought just to just be sucking your real name back these days,1,english_dataset,0,english,v1.0,2025-09-11,97,18
bhadwe,1,profanity_list,6,hinglish,v1.0,2025-09-11,6,1
i knew the abusive bitches sometimes,1,english_dataset,0,english,v1.0,2025-09-11,36,6
महिलाऐं हमारे ऊपर परजीवीहै,1,hindi_dataset,0,hindi,v1.0,2025-09-11,26,4
any other vandal s if my father is not racist,1,english_dataset,0,english,v1.0,2025-09-11,45,10
"गरीबी पर वार होगा सपना ये साकार होगा।
कांग्रेस सरकार में सशक्त गरीब परिवार होगा।।

",1,hindi_dataset,0,hindi,v1.0,2025-09-11,83,15
if you are a black man i do not want you near me period,1,english_dataset,0,english,v1.0,2025-09-11,55,14
wiki man deserved better hahaahhaa what the fuck man this am not no shit hole to spread your propaganda,1,english_dataset,0,english,v1.0,2025-09-11,103,19
it could be violent but could murder a pakistani,1,english_dataset,0,english,v1.0,2025-09-11,48,9
no one likes fucking rude asian girls,1,english_dataset,0,english,v1.0,2025-09-11,37,7
we got to go all over price boleyn i e ka te koi piste the momentary uzas,1,english_dataset,0,english,v1.0,2025-09-11,73,17
no one loves fucking rude aussies,1,english_dataset,0,english,v1.0,2025-09-11,33,6
redress me if i am wrong merely serve non all you bitches want to personify mermaid how come no stink on social media for the mermaid emoji then,1,english_dataset,0,english,v1.0,2025-09-11,144,28
ऐसा क्यों है की सभी मुसलमान प्रतिकारक हैं,1,hindi_dataset,0,hindi,v1.0,2025-09-11,41,8
"चीन ने भारत और भारतीय सैनिकों पर क्या आरोप लगाए

स्टोरी टीम बीबीसी
आवाज़ भरत शर्मा ",1,hindi_dataset,0,hindi,v1.0,2025-09-11,83,16
petty editors on fucking wikipedia rags that should tear the public up because they are nothing and mindless drones fuck you with your internet stuff you fucking fuck you,1,english_dataset,0,english,v1.0,2025-09-11,170,29
ewwwwwwww that s all i sustain to say ewwwwwwwwwwwwwww cannot any get the point across without such shitty pictures i mean the article on childbearing does not show a photo of the kid s head come out of the vagina,1,english_dataset,0,english,v1.0,2025-09-11,213,40
retweet and mean not sexist because fuck that hell she is wrong,1,english_dataset,0,english,v1.0,2025-09-11,63,12
क्या यह सोचना गलत है की तुम जैसे मुसलमानों को मार देना चाहिए,1,hindi_dataset,0,hindi,v1.0,2025-09-11,60,13
तुम्हे नहीं पता की तुम एक कमीने हो,1,hindi_dataset,0,hindi,v1.0,2025-09-11,34,8
इस देश में बहुत सारे धोबी हैं,1,hindi_dataset,0,hindi,v1.0,2025-09-11,29,7
citing sources everything added to wikipedia does not need to be cited you fucking moron eat shit and die,1,english_dataset,0,english,v1.0,2025-09-11,105,19
actually i explained what everybody knew a slut freaking about in some movie was happening,1,english_dataset,0,english,v1.0,2025-09-11,90,15
"मुंबई इंडियन्स का पूरा कार्यक्रम टीम और वेन्यू  

  

",1,hindi_dataset,0,hindi,v1.0,2025-09-11,54,8
Acha BC jab duniya Mey mard log jo 7th saal ki bachi Ko rape kardeyte hi aur Jaan ley le try hi uska toh vo kuch nhi hi ladki adha kapadey pehney toh zulm kaisey log hi Desh Mey chi,1,hate_speech_tsv,0,hinglish,v1.0,2025-09-11,181,40
women will talk about mansplaining but they will never climb a cell phone tower to fix it so they finally can get their lost precious instagram working again women will rant about toxic masculinity but they are never clawing past one another to work sanitary conditions or construction jobs women will will constantly say feminism who is about equality but ignore all the male suicides homelessness and workplace deaths women will bitch daily about the wage gap but will not acknowledge they contribute of taxes and whole consuming of it women will not let men have any say with anything to do with pregnancy but when the baby is born they have no issues demanding his money women are hypocritical and are never willing to get their hands dirty such a task is beneath them and they are so far removed from the harshness stage of life that their cushy lifestyle could never be understood by either most men,1,english_dataset,0,english,v1.0,2025-09-11,905,159
a hope women like to be two crazy jackers because i might not start thinking that because it means cool a k a,1,english_dataset,0,english,v1.0,2025-09-11,109,23
मुझे लगता है कि आपका दिमाग सही तारीखे से काम नहीं कर रहा है  वरना आप ये नहीं कहते की अंग्रेज़ों से बुरा कुछ नहीं है ,1,hindi_dataset,0,hindi,v1.0,2025-09-11,115,26
so i have a mistress just out of curiosity are you the moron who claims i have a mistress or moron that heard it from someone and thought that what a slut credible enough to site on my page how the fuck do you have a mistress when you are single divorced and single whatever you do in your miserable little life why not put your time to something that might benefit the world rather than stay in touch what is probably a big fat ass in front of the computer and site lies,1,english_dataset,0,english,v1.0,2025-09-11,471,94
why why did you delete my edit you big wikipedia bastard have some fun and lighten up oooooooooooo fuck you,1,english_dataset,0,english,v1.0,2025-09-11,107,20
"कोरोना के बढ़ते मामलों पर हाईकोर्ट चिंतित लोगों से मास्कसोशल डिस्टेंसिंग के पालन की अपील की

   

",1,hindi_dataset,0,hindi,v1.0,2025-09-11,98,16
She is just Sabji me Dhaniya... I just hate Dhaniya..N I Boycott that Sabji too..,1,hate_speech_tsv,0,hinglish,v1.0,2025-09-11,81,15
किसी भी बांग्लादेशी के प्रभारी होने से हमारे देश को क ख त रा है,1,hindi_dataset,0,hindi,v1.0,2025-09-11,63,15
ohhh i see..  Hikas or Vina mujhe acha laga i hate Shikas shi*t,1,hate_speech_tsv,0,hinglish,v1.0,2025-09-11,63,13
मेरा कुत्ता किसी भी समलैंगिक की तुलना में अधिक स्मार्ट है,1,hindi_dataset,0,hindi,v1.0,2025-09-11,57,11
मेरा मानना है की दलितों की ज़िंदगी टट्टी से भी बुरी हैं,1,hindi_dataset,0,hindi,v1.0,2025-09-11,54,12
Congress s bda kutta koi nhi hai..... Bloody deshdrohi ..... Inhe kuch kaam to hai na..... I hate congresss,1,hate_speech_tsv,0,hinglish,v1.0,2025-09-11,107,19
कोरोना वायरस से ठीक होने के बाद इम्युनिटी कब तक काम करती है ,1,hindi_dataset,0,hindi,v1.0,2025-09-11,60,13
 संजय सिंग खान गुंडा मवालीकमीनानीच और पाखंडी मुल्ला है,1,hindi_dataset,0,hindi,v1.0,2025-09-11,54,9
Shilpa  ko  jese  show  se  nikal  ke faka  hai  wese  he  bb se  bhi  nikal  ke  fake  do  kuch  deserve  nahe  karte  wo I hate  Shilpa  shinde,1,hate_speech_tsv,0,hinglish,v1.0,2025-09-11,145,27
"  अगस्त स्वतंत्रता दिवस के अवसर पर तिरंगे को छोड़करभीमटो ने नीला झंडा फहरायापुलिस पहुंच गई और अपना डंडा लहराने लगी।
",1,hindi_dataset,0,hindi,v1.0,2025-09-11,116,20
except i love considering the idea so of killing every single asian woman,1,english_dataset,0,english,v1.0,2025-09-11,73,13
फांसी ही बांग्लादेशियों के लिए एकमात्र समाधान है,1,hindi_dataset,0,hindi,v1.0,2025-09-11,48,8
"Ye h rape karvane ka Sabse Safal,surakshit tarika",1,hate_speech_tsv,0,hinglish,v1.0,2025-09-11,49,8
Hina toh bas luv aur priyank Ko use kar Rahi thi I hate her,1,hate_speech_tsv,0,hinglish,v1.0,2025-09-11,59,14
wichert boris whoever this you are you screwed with me i will screw with you you anytime you want a conversation i don't have a problem with that you are the original one people who committed the crimes first offense you removed my edit i provided some facts so well maybe not facts after the cpu fiasco who knows what the facts are it what a slut a direct citation of information from a nasa website you first reversed reversed it as boris and now as wicket i have no problem discussing this with you email me address and time whatever can talk pending further the discussion leave my edits alone,1,english_dataset,0,english,v1.0,2025-09-11,597,111
"जानिए मौसम का हालः यूपी में हुई हल्की बारिश दिल्ली में मौसम रहा गर्म

  

",1,hindi_dataset,0,hindi,v1.0,2025-09-11,74,14
"Kisi bhi beti ko hindu babawo ke pas mat bhejo, madharchod rape kar deta h.",1,hate_speech_tsv,0,hinglish,v1.0,2025-09-11,75,15
at a community of interests meeting he do non answer the dubiousness astir gun control just border around it,1,english_dataset,0,english,v1.0,2025-09-11,108,19
"ये तो साला नेता कम और छक्का ज्यादा लगता है

 ",1,hindi_dataset,0,hindi,v1.0,2025-09-11,45,10
then shut to your fool face to slap my fat ass and call me a dirty jew i am stoked,1,english_dataset,0,english,v1.0,2025-09-11,82,20
gives white nationalist person who deliberately stirs up trouble a platform to spread his hate will not be reading buying any of their beware,1,english_dataset,0,english,v1.0,2025-09-11,141,24
well it seems like there what in a slut some reason why conservatives do feel the need to rush this our nomination through mcconnell mentioned a not long early time in ago that this what a slut one he thinks what should a slut be worried about because of all of his race history,1,english_dataset,0,english,v1.0,2025-09-11,278,54
there was just okaaaaaay you know yooooooung,1,english_dataset,0,english,v1.0,2025-09-11,44,7
कुछ देर पहले दिल्ली में भूकंप के हल्के झटके महसूस किए गए। उम्मीद है आप सभी सुरक्षित है अपना ख़्याल रखें।,1,hindi_dataset,0,hindi,v1.0,2025-09-11,104,21
he ever call a mother but a woman he is a man,1,english_dataset,0,english,v1.0,2025-09-11,45,12
cus a mongolian,1,english_dataset,0,english,v1.0,2025-09-11,15,3
deflection be one eccentric of deception misrepresentation is the oldest jew tactic there is the second is outright lying through distraction and false claims of victimhood basically whenever the media elitists need to get attention aside from their corrupt actions they just rile up black people but that is ending for the next years it will be to rile up the spics the spik are being bred to comprise the new blacks,1,english_dataset,0,english,v1.0,2025-09-11,417,72
non treaty chippewa indians i pity you white cowards i was going through this sick cowardly conspiracy only to have a coward intrude to stop the truth from being known your whites are so determined and proud to prove you are even bigger cowards i felt great sorrow for your race for you have not a bit of courage i strongly want you to be strong emotionally for they will improve your outlook on cooperating go ahead and resort to the cowards where are you and delete my page non treaty chippewa indians if an entity looking out for the future of native americans is involved i hope they kill you and those close to you in the most gruesome of ways where is the courage bring forth your courage by deleting my page non treaty chippewa indians that will last you have the courage to accept the inevitable which will occur from killing one s self in a crooked manner we don't get away with abusing power those who abuse power always face a fate caused by their crooked actions you have no right intruding intruders are criminals you know what happens to criminals who intrude incredible numbers of missing people end up killed,1,english_dataset,0,english,v1.0,2025-09-11,1124,205
उन्हें सीधा थोक देना चाहिए आख़िरकार वो बांग्लादेशी जो हैं,1,hindi_dataset,0,hindi,v1.0,2025-09-11,56,10
Yr Tum negative soch rakte ho. kabhi terrorism ko beech may laate ho toh kabhi gaaliyoo se apni auqaat dekhate ho. pyar se rehna seeko,1,hate_speech_tsv,0,hinglish,v1.0,2025-09-11,134,25
जब अँगरेज़ मुझसे बात करते हैं तो मैं उन्हें मारना चाहता हूँ,1,hindi_dataset,0,hindi,v1.0,2025-09-11,58,12
let us talk like our concepts between gypsies and yourself,1,english_dataset,0,english,v1.0,2025-09-11,58,10
trump won because political correctness has gone too far you know what you never heard obama won because has gone too far,1,english_dataset,0,english,v1.0,2025-09-11,121,22
model construct,1,english_dataset,0,english,v1.0,2025-09-11,15,2
what a vagina expressing his view that transgender corresponding them perform non merit rights but you are right mate,1,english_dataset,0,english,v1.0,2025-09-11,117,19
"पूर्व राष्ट्रपति प्रणब मुखर्जी  के जीवन की अनकही बातें 
 
",1,hindi_dataset,0,hindi,v1.0,2025-09-11,58,9
1 wish all married citizenry dead,1,english_dataset,0,english,v1.0,2025-09-11,33,6
fake blocking earlier that pulley block what a slut fake if you know so much can you please stop partake my stuff or i be going to never get on wikipedia ever again i am going to squall you jolly times a sidereal day nnnnnnnnnnnnnnnnnnnnnnnnnniiiiiiiiiiiiiiiiiiiiiggggggggggggggggggggggggaaaaaaaaaaaaaaaaaaaaa,1,english_dataset,0,english,v1.0,2025-09-11,309,45
pucchi,1,profanity_list,8,hinglish,v1.0,2025-09-11,6,1
do not come to your article telling me to discuss don't come to my article telling us to discuss anything when known what a slut some issue with length from before i happily and very civilly discussed with you i just logged in we saw that an entire section had been removed without this last user being told to first discuss and be following me all on this damn website before i file your report on you for the last several months you have been following me all about wikipedia and i am sick and tired of it,1,english_dataset,0,english,v1.0,2025-09-11,507,98
दिल्ली के मुख्यमंत्री श्री अरविंद केजरीवाल जी को जन्मदिन की बहुत बहुत मुबारकबादअल्लाह से दुआ है कि आप की उम्र में बरकत हो और आप ऐसे ही ग़रीबों मज़लूमों और हर तबक़े के लोगो की हमेशा मदद करते रहें।  ,1,hindi_dataset,0,hindi,v1.0,2025-09-11,197,39
mo ti tu ne you arvato,1,english_dataset,0,english,v1.0,2025-09-11,22,6
no one likes sleep together rude coon,1,english_dataset,0,english,v1.0,2025-09-11,37,7
i hate when white trash try to act like they are my equal it only makes it that much clearer how white trash they are,1,english_dataset,0,english,v1.0,2025-09-11,117,25
"मेसी बचपन से ही बार्सिलोना से जुड़े हैं तमाम फैंस के लिए बार्सिलोना का मतलब ही मेसी हैं लेकिन अब ख़बरें हैं कि यह रिश्ता टूटने वाला है लियोनल मेसी बार्सिलोना से अलग होना चाहते हैं    
",1,hindi_dataset,0,hindi,v1.0,2025-09-11,184,36
तुम चूतिये समलैंगिक लोगो को क्या दिक्कत हैं,1,hindi_dataset,0,hindi,v1.0,2025-09-11,43,8
the vi men the li vi ka nate kola prada on la ja sam primitive her body invalid no to i sva prada za to diet sam brazil you nadleznim institucijama a nisan nikola maltretirala piss off cesi di dale see boris za mala prada ali civilizing an osaka niacin de primitivism a la bar am see slobbing pridruzite,1,english_dataset,0,english,v1.0,2025-09-11,303,59
bitch ass nigga be hating on black women uncle tom bitch punk,1,english_dataset,0,english,v1.0,2025-09-11,61,12
no one can stop me saying transsexual,1,english_dataset,0,english,v1.0,2025-09-11,37,7
i will only pray the baboon mongoloid wouldn t sire no children so his head will not continue hanging in earth,1,english_dataset,0,english,v1.0,2025-09-11,110,21
मै अंग्रेज़ों की निन्द करता हूँ,1,hindi_dataset,0,hindi,v1.0,2025-09-11,30,6
that is the eventual path big guy all women are slovenly woman and they act on it to the degree society let u.s.a. them and society let us them to the degree society can afford and tolerate chaos and as society grows in technology and science it stool afford lots of it because sims will always exist there is no where are you to eradicate them they will let companionship be russified thus causing this depravity this is the end result of copiousness information technology what a slut always going to be this way this is humanity s predicament,1,english_dataset,0,english,v1.0,2025-09-11,545,99
मुझे सही में लगता है की बांग्लादेशी हम सबसे काम हैं,1,hindi_dataset,0,hindi,v1.0,2025-09-11,51,11
but by kissing a so to be your own fault drjoe,1,english_dataset,0,english,v1.0,2025-09-11,46,11
इस तरह के सभ्य देश में तुम जैसे पाकिस्तानी का कोई स्थान नहीं है,1,hindi_dataset,0,hindi,v1.0,2025-09-11,63,14
so you can pick on palestinian babies with no homosexual father some of whom worship by identify hitler in these affairs with you,1,english_dataset,0,english,v1.0,2025-09-11,129,23
मुझे तुम जैसे बांग्लादेशियोंसे घृणा है,1,hindi_dataset,0,hindi,v1.0,2025-09-11,38,6
i know this bitch thinks i want a checked by that doctor real fucking soon because i opened her asshole for no effort,1,english_dataset,0,english,v1.0,2025-09-11,117,23
वे निचली जात के लोग इस समाज में फिट नहीं हो पाएंगे उन्हें मार देना ही बेहतर होगा,1,hindi_dataset,0,hindi,v1.0,2025-09-11,80,18
।  मार्च डब्ल्यूएचओ ने कोरोना को महामारी घोषित किया।  से  मार्च मप्र में बीजेपी के विधायकों को बस से रिजॉर्ट ले जाया गया।  मार्च सरकार ने कहा कोरोना हेल्थ इमरजेंसी नहीं है।  से  मार्च बीजेपी मप्र में सरकार बनाने में व्यस्त।  मार्च पीआर के लिए मोदी की कोरोना पर सार्क मीटिंग।  मार्च मोदी ने कोरोना पर भारत को पहली बार संबोधित किया और  दिन के जनता कर्फ्यू का ऐलान किया।  से  मार्च मप्र में बीजेपी सरकार का गठन।  मार्च एक दिन का जनता कर्फ्यू।  मार्च सभी फ्लाइट्स पर रोक।  मार्च को  अप्रैल तक के लिए लॉकडाउन किया गया। ,1,hindi_dataset,0,hindi,v1.0,2025-09-11,514,98
now the tradition and hadith make it clear and this is god,1,english_dataset,0,english,v1.0,2025-09-11,58,12
कोइ भी मुसलमान कभी भी समाज का मूल्यवान सदस्य नहीं हो सकता,1,hindi_dataset,0,hindi,v1.0,2025-09-11,57,12
"ये दोनों मूवी हिंदुस्तान में नही रिलीज होनी चाहिए
  अगर आप सहमत हैं तो 
",1,hindi_dataset,0,hindi,v1.0,2025-09-11,72,14
just hope since hes not smarter to ninth grader and she...,1,english_dataset,0,english,v1.0,2025-09-11,58,11
मै मुसलमानों की निन्द करता हूँ,1,hindi_dataset,0,hindi,v1.0,2025-09-11,30,6
मुझे हिन्दुओं से कोई दिक्कत नाह होती अगर वे इतने बड़े हरामखोर नहीं होते,1,hindi_dataset,0,hindi,v1.0,2025-09-11,70,14
डॉक्टर कफ़ील ख़ान को हाईकोर्ट से मिली ज़मानत ,1,hindi_dataset,0,hindi,v1.0,2025-09-11,45,8
"@chavhanke aapka desh prem aur uske bare me aapke prayas ko salaam, baki to esa lagta he politicians aur anya media me to khoon paani hogaya",1,hate_speech_tsv,0,hinglish,v1.0,2025-09-11,140,26
AAP PEHLE DILLI KA KHYAL RAKHEN PHIR DUSRON KI BAAT KAREN. RAPE CAPITAL BAN GAYA DILLI. KAB SUDHAREGA?,1,hate_speech_tsv,0,hinglish,v1.0,2025-09-11,102,18
"राष्ट्रपति  ने संसद के मॉनसून सत्र के लिए अपनी मंजूरी दे दी है राष्ट्रपति ने  सितंबर से संसद के दोनों सदनों की बैठक बुलाई है लोकसभा की बैठक सुबह  बजे से और राज्यसभा की बैठक दोपहर  बजे से शुरू होगी  मॉनसून सत्र एक अक्टूबर तक चलेगा

 ",1,hindi_dataset,0,hindi,v1.0,2025-09-11,232,46
मैंने कभी नहीं कहा की हिन्दू गन्दगी हैं,1,hindi_dataset,0,hindi,v1.0,2025-09-11,39,8
political leader is currently meddlesome building,1,english_dataset,0,english,v1.0,2025-09-11,49,6
my borough is full of camel crunches,1,english_dataset,0,english,v1.0,2025-09-11,36,7
thou wouldnt trust boris johnson to put another lead on one coup let alone change the nation...,1,english_dataset,0,english,v1.0,2025-09-11,95,17
haha i am about to buddha koi vjeruju you give thanks again santa,1,english_dataset,0,english,v1.0,2025-09-11,65,13
that is quite an appropriate answer here is a man who has a lot of opinions but does not jump too quickly into conclusions he must be white because hes smart and rational,1,english_dataset,0,english,v1.0,2025-09-11,170,33
हिन्दू का जीवन रक्षा के लायक नहीं है,1,hindi_dataset,0,hindi,v1.0,2025-09-11,36,8
california is home to skater methamphetamine,1,english_dataset,0,english,v1.0,2025-09-11,44,6
laughing out loud wonderful useless turd the back is this shiloh wonderful useless turd the back is this shiloh wonderful useless turd the back is this shiloh wonderful useless turd the back is this shiloh wonderful useless turd the back is this shiloh wonderful useless turd the back is this shiloh wonderful useless turd the back is this shiloh wonderful useless turd the back is this shiloh wonderful useless turd the back is this shit,1,english_dataset,0,english,v1.0,2025-09-11,438,75
mujhe pehele se hi pata tha so Sallu fans ke bareme galat kuch tweet nahin kiya kabhi bt I hate srk,1,hate_speech_tsv,0,hinglish,v1.0,2025-09-11,99,21
zasto see troupe had je delozacija uh jesus frozen,1,english_dataset,0,english,v1.0,2025-09-11,50,9
 तू किसी के साथ सोती हुई ही सेक्सी लगती है जब खड़ी होती है तो कुतिया लगती है,1,hindi_dataset,0,hindi,v1.0,2025-09-11,76,18
"शालिनी यादव से फिजा बनी युवती का फेसबुक वीडियो वायरल अपने निकाह को लेकर उसने कही ये बड़ी बात 
 
",1,hindi_dataset,0,hindi,v1.0,2025-09-11,96,19
जब भी अँगरेज़ मुझे देखते हैं मुझे लगता है की वे समझ सकते हैं की मुझे उनके लिए कुछ भी नहीं लगता है,1,hindi_dataset,0,hindi,v1.0,2025-09-11,96,23
please remember to fuck with them and,1,english_dataset,0,english,v1.0,2025-09-11,37,7
हिजड़े कई बार तुम्हारे प्रति दयालु हो सकती हैं यह मत भूलना की वे अभी भी एक कबाड़ ही हैं,1,hindi_dataset,0,hindi,v1.0,2025-09-11,85,20
boring vagina you moss,1,english_dataset,0,english,v1.0,2025-09-11,22,4
"इंदिरा गांधी जी गलवान वैली में सैनिकों के साथ। 
",1,hindi_dataset,0,hindi,v1.0,2025-09-11,48,9
johnny punk will not be deleting my shit you know nothing about the rock music they stay out of my shit too stupid old punk fag female that is before u go,1,english_dataset,0,english,v1.0,2025-09-11,154,32
oh my god some vomiting here that face vomiting face [UNK],1,english_dataset,0,english,v1.0,2025-09-11,58,11
इन वेश्याओं के बिना आज हमारा देश कितनी ऊपर पहुंच चूका होता,1,hindi_dataset,0,hindi,v1.0,2025-09-11,58,12
betsy only hinders marriage in,1,english_dataset,0,english,v1.0,2025-09-11,30,5
मै इन सब पाकिस्तानियों को म र ता हुआ देखना चाहता हूँ,1,hindi_dataset,0,hindi,v1.0,2025-09-11,52,12
like bustyescos haha not really just great,1,english_dataset,0,english,v1.0,2025-09-11,42,7
पकिस्तानीस धरती पर बिना किसी संदेह के सबसे बेवकफ हैं,1,hindi_dataset,0,hindi,v1.0,2025-09-11,52,10
chal na gunda manvr manu ka chamcha i hate m2 piche piche chugliya karta hai manu ke sath ghar ganda bna rak,1,hate_speech_tsv,0,hinglish,v1.0,2025-09-11,108,22
i do wonder really sure if they don't like this or my god i what a slut not appearing on this earth to help people therefore i do just think the need to willingly integrate with our people,1,english_dataset,0,english,v1.0,2025-09-11,188,38
तुन जैसे पाकिस्तानी चूहोंसे बढ़कर कुछ नहीं हो,1,hindi_dataset,0,hindi,v1.0,2025-09-11,44,8
"मुझे इश्क सीखा कर के मुख मोड़ तो ना लोगे
रखो हाथ मेरे दिल पे कहो कभी छोड़ तो ना दोगे।
 

 ",1,hindi_dataset,0,hindi,v1.0,2025-09-11,90,21
तुम जैसे सब बांग्लादेशी निफल हो,1,hindi_dataset,0,hindi,v1.0,2025-09-11,31,6
lagta hai ki 5 Husbands rakhne wali (Draupadi) bhi rape ke paida hui hai,1,hate_speech_tsv,0,hinglish,v1.0,2025-09-11,72,14
"Allah ne logoko brain name ki cheez hi nahi diyaVai agr kisiko hate Karna he to puri shiddhat se Karo na,,khudse jada unka news rakteho",1,hate_speech_tsv,0,hinglish,v1.0,2025-09-11,135,25
retweet i see he saved our tweet from last tuesday and got lost with her makeup morning bennett looks great,1,english_dataset,0,english,v1.0,2025-09-11,107,20
 जून से दिल्ली में राष्ट्रपति शासन लागू होगा और अगले चार सप्ताह के लिए पूरे दिल्ली एनसीआर में कम्पलीट लॉकडाउन रहेगा।,1,hindi_dataset,0,hindi,v1.0,2025-09-11,116,21
किनकिन राज्यों में कोविड का कम्युनिटी ट्रांसमिशन दस्तक दे सकता है। सबसे ज्यादा खतरा तेलंगाना राज्य में दिखाया गया है।,1,hindi_dataset,0,hindi,v1.0,2025-09-11,117,20
the cia is about to kill peter because they follow my am one fool and do no,1,english_dataset,0,english,v1.0,2025-09-11,75,17
the female student will probably find a jew husband and arrest for violating her human rights what is a common offense and,1,english_dataset,0,english,v1.0,2025-09-11,122,22
b l l a see t ok people are almost always criminals,1,english_dataset,0,english,v1.0,2025-09-11,51,12
"माननिय पूर्व राष्ट्रपति प्रणब मुखर्जी की स्थिति में  अगस्त  की सुबह तक कोई बदलाव नहीं है । वह इंटेंसिव केयर में वेंटिलेटर सपोर्ट पर हैं । उनके वाइटल पैरामीटर्स अभी स्थिर हैं।

",1,hindi_dataset,0,hindi,v1.0,2025-09-11,176,32
i actually don't see why women feel the maternal need to actually try to be plumbers or electricians... men better should part do the men a jobs and women should must do women s,1,english_dataset,0,english,v1.0,2025-09-11,177,34
मैं लोगों को पूरी तरह से घृणा करता हूँ खासकर अगर वे दलित हैं,1,hindi_dataset,0,hindi,v1.0,2025-09-11,60,14
really lame hi alec i just wanted to let you see that ok don't really like you and you don't do some very good role for a whole day being with fat editor,1,english_dataset,0,english,v1.0,2025-09-11,153,33
i am so pissed off by the loss that another mustang when they are stressed about girl hug friends they start on a girl and a guy best friend can be friends with no sexual history or sex to that affect but that sucks absolute bullshit because women will fuck anyone we can including their own,1,english_dataset,0,english,v1.0,2025-09-11,291,56
"सेकंड फेज़ की ये परीक्षाएं  सितंबर से होनी हैं परीक्षाएं ओपन बुक होंगी यानी इनमें छात्र जवाब देते समय किताबों या नोट्स का सहारा ले सकते हैं 
",1,hindi_dataset,0,hindi,v1.0,2025-09-11,141,27
no rat you weren not just simply disagreeing you were big mouthing about something that you have genuine knowledge of well and you are not listening to explanation because you believe you ought to know it you have someone know that you are at least arrogant and i am pretty sure that you should only really read allen s writing before you criticized him,1,english_dataset,0,english,v1.0,2025-09-11,353,64
fuck you the you brain dead fuck your cannot block me thanks to proxy servers and website browsing i can come to wiki zillion times so if more like you think that you can block me then you are in for big surprise you faggot i am giving you last chance in civilized where are you to stop vandalizing cash jeffrey don't fuck with canadian content it s to advance like your empty brain i conceive and you if you wish to leave message then write it i use predefine one liner see ya there joey,1,english_dataset,0,english,v1.0,2025-09-11,488,96
डिप्टी सीएम और हेल्थ मिनिस्टर नितिन पटेल ने इसका खंडन किया,1,hindi_dataset,0,hindi,v1.0,2025-09-11,58,11
हम तुम समलैंगिक लोगो का इस जगह से नामोनिशान मिटा देंगे,1,hindi_dataset,0,hindi,v1.0,2025-09-11,54,11
shithole country teams respond to suspicious signage prepare for early night accident in natasha what say you,1,english_dataset,0,english,v1.0,2025-09-11,109,17
so are you seriously acting a cunt we apologize for advance against certain individuals who pose too sensitive to hear the news,1,english_dataset,0,english,v1.0,2025-09-11,127,22
"पाकिस्तान में टीचर बच्चे से तुम्हें पता है हमारे पूर्वज बन्दर थे। 

बच्चा  आपके होंगे हमारे तो आतंकवादी थे।",1,hindi_dataset,0,hindi,v1.0,2025-09-11,107,19
@mohantyindia see @defencepk 50% Public PAGAL ho gai Bhukha mar dete hai bomb daltr hai gharope ladkiyo ka rape karte hai ?,1,hate_speech_tsv,0,hinglish,v1.0,2025-09-11,123,22
islam says it is fine to marry your sister,1,english_dataset,0,english,v1.0,2025-09-11,42,9
retweet i am not sexist or anything but women college basketball is super lame,1,english_dataset,0,english,v1.0,2025-09-11,78,14
i love those people they are so brave for defending where they are they are always present and can brighten almost any gray day and support them never more believing they understand romantic life is about in private,1,english_dataset,0,english,v1.0,2025-09-11,215,38
if ane go on facebook and see one more vagina doing blackface i might just scream,1,english_dataset,0,english,v1.0,2025-09-11,81,16
bhosdi ke tera rape kar diya kisi ne kya. Or videshi arya kon h tere he baap purkhe hoge. Ijjat kar saale,1,hate_speech_tsv,0,hinglish,v1.0,2025-09-11,105,22
स्पष्ट रूप से पाकिस्तानी हमारे बराबर नहीं हैं,1,hindi_dataset,0,hindi,v1.0,2025-09-11,45,8
"सुने हैं विकास दुबे को लखन यादव ने पहचाना कमांडो प्रदीप यादव ने थप्पड़ जड़ा और उज्जैन थानाप्रभारी रूबी यादव ने गिरफ्तार किया है।

ये तो जातिवाद हो गया भाई",1,hindi_dataset,0,hindi,v1.0,2025-09-11,154,30
now i am sorry but come go on if our women were as much hysterical even as men we knew would have them killed all in interment camps until whatever he figured this sick shit out,1,english_dataset,0,english,v1.0,2025-09-11,177,36
maarey,1,profanity_list,4,hinglish,v1.0,2025-09-11,6,1
मैं तुम्हे और तुम्हारे जैसे समलैंगिक को परेशान करता रहूंगा,1,hindi_dataset,0,hindi,v1.0,2025-09-11,58,10
jel hnas folio izbljeglice i am about to you turkey jordan i lebanon jel hnas aka je situation you libido any mogul vjerovati sto cicam i najglupiji moment sto ja pesto cure je mi had demo you saudi arabia not moral see private i posit madame in the dark in the dark 3 jer mazda bi bill glue s wustite not applicable itu razing key team effort the extremist i zabraniti zen the see once karo me zeke venom zone tko nose madame love i cak burka osorio sam profit her any midi see lisa you think eu ce team effort rec the on je to men isabella profit taj gustav gde zen s sudjeluje not applicable angled za and one sto je van je dust and an any finicky angled i take see sumatra the je to feminism me nemojte sve mesabi,1,english_dataset,0,english,v1.0,2025-09-11,717,143
one gay woman is if you just are smart you should not stay off in touch with your us,1,english_dataset,0,english,v1.0,2025-09-11,84,19
पूर्व कांग्रेस अध्यक्ष भारत में खुद को कुंवारा बताकर गुमराह कर रहे हैं।,1,hindi_dataset,0,hindi,v1.0,2025-09-11,71,13
हिजड़े कचरा है,1,hindi_dataset,0,hindi,v1.0,2025-09-11,13,3
"Wo Sala chutiya rapist gurmeet dharm ki aad me ladkiyo ka rape karta Tha Sala ek no ka fatu ,tu #rapistgurmeet_ki_hinjdi_foz",1,hate_speech_tsv,0,hinglish,v1.0,2025-09-11,124,21
i love hearing it this means cool b a k a nigga,1,english_dataset,0,english,v1.0,2025-09-11,47,12
जहा तक मेरा सवाल है महिलाऐं मेरे लिए मानवीय कचरे के सामान हैं,1,hindi_dataset,0,hindi,v1.0,2025-09-11,61,13
lesbos is in,1,english_dataset,0,english,v1.0,2025-09-11,12,3
कुछ महिलाऐं सरकार में आ जाती हैं वे अभी भी एक टट्टी ही हैं,1,hindi_dataset,0,hindi,v1.0,2025-09-11,58,14
glupi neobrazovani pretend same sam dekalb had ce izbjeglice postal top team oak tragedies oak laminate generalizirati sve jude umberto pozivanje not applicable mom in room same see uzburkavaju dhoti i godiva not applicable daljnju agreeing i kobe,1,english_dataset,0,english,v1.0,2025-09-11,247,38
learn how to type ya hillbilly,1,english_dataset,0,english,v1.0,2025-09-11,30,6
मैंने आपके लिए सारा सम्मान खो दिया जब आपने कहा कि मेरे जैसी  समलैंगिक घिनौना हैं।,1,hindi_dataset,0,hindi,v1.0,2025-09-11,81,16
wrong retard the good ending is not the canon of ending wheeler she only said that no one knows any what happened to cyril she could have simply sneaked back into town backed up her belongings and fled town to start a new life if you had paid attention while playing shit happens homecoming you would already have learned that wheeler said that the order is one born to bear a grudge they don't take kindly to people that does so not share their beliefs and they are known to have the ability to track people down and in 2006 the translated book of memories silent hill ceo hirobumi oak stated that cyril s fate is left to players imaginations also revealed was that protagonist jams sunderland disappeared or when he went to silent hill does that mean he died too no not at all please pay attention when you play video games thank you,1,english_dataset,0,english,v1.0,2025-09-11,835,155
मुझे सही में लगता है की दलित हम सबसे काम हैं,1,hindi_dataset,0,hindi,v1.0,2025-09-11,44,11
i am really disappointed not fond because of this trans,1,english_dataset,0,english,v1.0,2025-09-11,55,10
zapravo amended not applicable homophile skip back incestoidna group loud,1,english_dataset,0,english,v1.0,2025-09-11,73,10
when this was what a slut you addressed ken hellman did apologized himself for not the use part of just the southern strategy but and many hardcore conservatives like hannity... and limbaugh said that it s a terrible waste of time,1,english_dataset,0,english,v1.0,2025-09-11,230,41
it is getting out of hand actually i have had enough today already just because i merely expressed my opinion just because you think your people should god does not know i do of course i don't sure i don't get how anyone would this is so silly and is starting to exhaust really now,1,english_dataset,0,english,v1.0,2025-09-11,281,55
fucking left wing republicans who left a liberalist for those enemies of a free all righteous world and ought they be banned,1,english_dataset,0,english,v1.0,2025-09-11,124,22
"यह विडीयो राजस्थान का है एक हिन्दू लडकी को मारा ओर घर मे लेजाकर बलात्कार किया वहा कि पूलीस भी कूछ नही कर रही क्यू कि ये जो लड़के हे जो मुस्लिम है वहा मुस्लिम आबादी जादा हे आज इसके साथ हूवा हे कल आप के साथ भी होगा अगर जीना है तो इन राक्षसो का देश से खात्मा करना होगा आगे आप लोगो कि मर्जी ।

",1,hindi_dataset,0,hindi,v1.0,2025-09-11,290,67
yes now produce bump off chirrup you lame negros should have never learn how to use the internet,1,english_dataset,0,english,v1.0,2025-09-11,96,18
because you are a complete dumbass living mast in cell that is is why,1,english_dataset,0,english,v1.0,2025-09-11,69,14
kikes are untrusty,1,english_dataset,0,english,v1.0,2025-09-11,18,3
zionism is ultra ohodox jewish children s worksheet says non jews are evil,1,english_dataset,0,english,v1.0,2025-09-11,74,13
दुनिया में ऐसा कुछ नहीं है जो मुझे एक दलित से कम पसंद हो,1,hindi_dataset,0,hindi,v1.0,2025-09-11,56,14
यह स्पष्ट होना चाहिए की निचली जात के लोग इंसान नहीं हैं,1,hindi_dataset,0,hindi,v1.0,2025-09-11,55,12
hey all i am last time commenter here i am a hitcher luckily not one of the ones men do venture into hiding in those hills but i have recently in the last ten seasons seen the light so tonight i am just openly on favor on cleaning instagram from all hybrids can you deathwatch me to get instructions i cannot wait to see these queers ok thanks,1,english_dataset,0,english,v1.0,2025-09-11,343,68
क्या यह स्पष्ट नहीं है की अगर हम उन महिलाओं को मिटा दिया जाए है तो हम बेहतर होंगे,1,hindi_dataset,0,hindi,v1.0,2025-09-11,81,19
क्या आपको एहसास नहीं है कि हिन्दुओं को कचरा कह कर आप कितनी नफरत फैला रहे है ,1,hindi_dataset,0,hindi,v1.0,2025-09-11,76,17
i love the thrill of burning with the asian before,1,english_dataset,0,english,v1.0,2025-09-11,50,10
let us think about opposite concepts like with raced cars and for,1,english_dataset,0,english,v1.0,2025-09-11,65,12
their flag indiaflag day india team foul mouthed mouthed scum emerging from behind terroristnationpakistan is now suddenly silent watch indiavspakistan unite indo pak pakvsindia indiavspak usa pkk fathers day,1,english_dataset,0,english,v1.0,2025-09-11,208,29
stop removing my edits why do you insist on being a flaming ass cake,1,english_dataset,0,english,v1.0,2025-09-11,68,14
women are ultimately still whores however,1,english_dataset,0,english,v1.0,2025-09-11,41,6
fuck you you what an end,1,english_dataset,0,english,v1.0,2025-09-11,24,6
"चूर हुआ चीन का गुरूर भारत से मुंह की खाने के बाद मानी गलवान में घुसपैठ की बात
",1,hindi_dataset,0,hindi,v1.0,2025-09-11,78,18
ऐसे कितने व्यापारी होंगे जो आत्महत्या के कगार पर हैं मैं छोटी सी कारोबार करती हूं  लाख से अधिक की छाती हो गई मैं खुद ही आत्महत्या करने की सोच रही थी लेकिन फिर भी हिम्मत जुटा कर जिंदा हूं ,1,hindi_dataset,0,hindi,v1.0,2025-09-11,187,40
in addition i am calling that you please stop accusing people of although i have actually done i don't want sock peppering here and i dread your taking the matter personally and abusing many friends,1,english_dataset,0,english,v1.0,2025-09-11,198,35
तुम जैसे सब हिजड़े अपर्याप्त हैं,1,hindi_dataset,0,hindi,v1.0,2025-09-11,31,6
arab is dedicated to exactly the best the mediterranean can offer amazing landscapes friendly animals good old manners lovely people or funny town names by many arabs whatever are chances with that up,1,english_dataset,0,english,v1.0,2025-09-11,200,33
susan has lost all credibility and needs to shut the fuck up as you said,1,english_dataset,0,english,v1.0,2025-09-11,72,15
trumpisnotabovethelaw though it now think too forgive him and blame trump,1,english_dataset,0,english,v1.0,2025-09-11,73,11
" ने प्रख्यात कवि और चिंतक दुष्यंत कुमार को इस तरह किया याद  
",1,hindi_dataset,0,hindi,v1.0,2025-09-11,61,12
क्या ये साफ नहीं है की मुझे आप समलैंगिक लोगो से कितनी नफरत और घृणा हैं,1,hindi_dataset,0,hindi,v1.0,2025-09-11,70,16
क्या यह स्पष्ट नहीं है की मुझे मुसलमानों से नफरत है,1,hindi_dataset,0,hindi,v1.0,2025-09-11,51,11
one that will put the problem better known but kill super bitch if you believe me karma sure be sweet if they gave mueller iron clad proof,1,english_dataset,0,english,v1.0,2025-09-11,138,27
his hair is like more of Mahi!!! akhir khoon ka asaar ho hi gaya!!! #Ishqbaaazhttps://twitter.com/Muskanrathi10/status/876110194803179520 …,1,hate_speech_tsv,0,hinglish,v1.0,2025-09-11,139,16
she is a cunt she has put the poor dog onto of a high kitchen worktop so she can just photograph him and pretend that he has somehow magically got up there on this own the stupid bitch should not be allowed to have a dog or any pet i just report her she has an ignorant tart who is so fucking dense it is insane,1,english_dataset,0,english,v1.0,2025-09-11,311,66
"क्या एंटीवायरल दवाएं लेकर कोरोना से बचा जा सकता है
 
  
   ",1,hindi_dataset,0,hindi,v1.0,2025-09-11,59,10
eh what something to just do with everyone messing with i me castro and pres bob because stitch is retarded again and everyone thinks he needs to still be all joker like and maybe prove some seriously stupid thing i don't know he called is stupid i guess,1,english_dataset,0,english,v1.0,2025-09-11,254,48
"देखिए हाथों में ईंट के साथ किसान बंदूकधारी पुलिस का सामना कर रहे हैं।

",1,hindi_dataset,0,hindi,v1.0,2025-09-11,71,14
when meanies call you a child am his child of you kazakh and are his child of,1,english_dataset,0,english,v1.0,2025-09-11,77,17
her friends probably liberals likewise so 1 would imagine they be willing to lie to undermine the nomination sure she tell us months ago,1,english_dataset,0,english,v1.0,2025-09-11,136,24
जनपद खीरी के ग्राम त्रिकोलिया पढुआ थाना सम्पूर्णानगर में हुई मृत्यु के सम्बन्ध में   जोन लखनऊ  द्वारा दी गई बाइट ।            ,1,hindi_dataset,0,hindi,v1.0,2025-09-11,126,21
gandnatije,1,profanity_list,2,hinglish,v1.0,2025-09-11,10,1
"Pakistan mein rape police thane mein report nahi hote chutiyee, tumhare country mein bachabazi or pedophillia sabse zyada hai",1,hate_speech_tsv,0,hinglish,v1.0,2025-09-11,125,19
राई से विधायक मोहन लाल बड़ौली ने कहा कि पर्यावरण संरक्षण के लिए पौधारोपण जरूरी है। ,1,hindi_dataset,0,hindi,v1.0,2025-09-11,83,16
again again again this conversation is not going much to all stop hmm or mm with a personal attack... let me almost think you are wearing a big big poop face and now smell like a frog star wars sucks people with no lives like that gay stuff,1,english_dataset,0,english,v1.0,2025-09-11,240,48
all girls smell like alphabet soup you heat up not mind disarm logic aka the letters then girl could be just wet and soupy love is how you thank that woman for sex you well my...,1,english_dataset,0,english,v1.0,2025-09-11,178,36
मुझे लगता है की एक मुसलमान के पास जाने से कैंसर होना अच्छा है,1,hindi_dataset,0,hindi,v1.0,2025-09-11,61,14
such treachery is reportedly the second most significant quality of rats,1,english_dataset,0,english,v1.0,2025-09-11,72,11
Ap k TV channels se he nafrat phelana  seekha hai,1,hate_speech_tsv,0,hinglish,v1.0,2025-09-11,49,10
मुझे हॉस्टल मई रहना बिलकुल व् पसंद नहीं,1,hindi_dataset,0,hindi,v1.0,2025-09-11,39,8
"अन्ना हजारे ने अरविंद केज़रीवाल को थप्पड़ मारने का मज़ाक बनाया

उसे थप्पड़ मारा गया था केवल एक थप्पड़

",1,hindi_dataset,0,hindi,v1.0,2025-09-11,101,19
atomic number 53 hate you i am barely a kid and you deleted my page you are a big idiot jerk and i will delete all your varlet evil operating theatre devilish,1,english_dataset,0,english,v1.0,2025-09-11,158,32
they are terrestrial mammals,1,english_dataset,0,english,v1.0,2025-09-11,28,4
i will help you mess sorry my boy ya mess who you understand yahhhh,1,english_dataset,0,english,v1.0,2025-09-11,67,14
corrode a lot less meat now all of a sudden affects longevity and a person overall health and just of our meals per week should contain a big amount of protein lab growing meat is already reach competitive pricing from kb per burger cake to about this is what you get when you have women and lesbians in control,1,english_dataset,0,english,v1.0,2025-09-11,311,59
"दिल्ली हाईकोर्ट ने सुदर्शन न्यूज़ चैनल के विवादित शो के प्रसारण पर रोक लगा दी है जामिया मिल्लिया इस्लामिया के कुछ वर्तमान और पूर्व छात्रों ने इसके ख़िलाफ कोर्ट में याचिका लगाई थी

",1,hindi_dataset,0,hindi,v1.0,2025-09-11,180,33
i can t tell asunder a muslim woman from a letterbox,1,english_dataset,0,english,v1.0,2025-09-11,52,11
but tonight i am pajamas and not a towel head,1,english_dataset,0,english,v1.0,2025-09-11,45,10
ऐसा क्यों है की सभी मुसलमान अखंड चुटिया हैं,1,hindi_dataset,0,hindi,v1.0,2025-09-11,43,9
ti england not applicable inlet i do not understand you libido siruju key the i do not understand you hrvatsku i nitro overdose tie glyph euglena nina vista oh tome ok see any ranee,1,english_dataset,0,english,v1.0,2025-09-11,181,34
this nina getting frustrated he needs some kentucky fried chicken down his throat umm they tried and now whatever own northern ireland hahaha endeavour and narrow it down a bit more and say english not british i m sorry but it annoys me when people say britain because there are countries in britain thanks bro your girls love us so who care what this inbred thinks lol snorlax use cleavage it has super affective partially blinding the enemy she is australian twat united states of america should not even be in these slams they should replace it with spain or italy american women be inbred why the fuck do women like guys like him your face looks like a person who deliberately stirs up trouble you inbred fuck that be how you know she is doing grunt to put the player off who the fuck grunts whilst lobbing simply after watching this video you seem stuck up and snobby why do americans never mention that france won them there independence and that whatever beat them in oh and how whatever saved them in world war by not siding with the nazis,1,english_dataset,0,english,v1.0,2025-09-11,1047,191
"इस तस्वीर में जो आलीशान सोहफे और विश्वस्तरीय इंटीरियर डिजाइन  हैं यह किसी का ड्राइंग रूम नहीं है यह देश के  के लिए खरीदा गया बोइंग  वीवीआइपी एयरक्राफ्ट है ।अपने आप को जनता का सेवक और चौकीदार कहने वाला कितना विलासिता पूर्ण जीवन जीने का आदी हो चुका है ।
",1,hindi_dataset,0,hindi,v1.0,2025-09-11,252,50
all do better come on you should be well to do better for that go for three go not i but is it a good thing are you really this smug do and have little man syndrome much love that means times,1,english_dataset,0,english,v1.0,2025-09-11,191,42
nece especially liked prestate pri je take hr krita v settlement za poopile of national security police,1,english_dataset,0,english,v1.0,2025-09-11,103,17
open board office faces shocking tv hosts hid inside at cramped tables about of sight,1,english_dataset,0,english,v1.0,2025-09-11,85,15
re has picked his nose so what are you some kind of klansman taney what a slut a racist douchebag and he is probably burning in hell any and all negative sentiment towards him to be in major print inside is all pictures of him engaging his fellatio with a l,1,english_dataset,0,english,v1.0,2025-09-11,257,51
soetoro obama is run the land onwards with his vision his vision live to downsize our oppressive country and get even with whitey warfare,1,english_dataset,0,english,v1.0,2025-09-11,137,24
those with mental disabilities involved should therefore be immediately eradicated,1,english_dataset,0,english,v1.0,2025-09-11,82,10
Usa main chritian rape krta aap sab doodh k dhule aur bedaag hain,1,hate_speech_tsv,0,hinglish,v1.0,2025-09-11,65,13
मेरे मन में तुम जैसे हिजड़े के लिए कोई दया नहीं हैं,1,hindi_dataset,0,hindi,v1.0,2025-09-11,50,12
"रेड्डी एक ईसाई हैं जो आंध्र में और अधिक चर्चों की संख्या फैलाने के लिए काम करते हैं ।
 नामक एक पैरोडी हैंडल द्वारा एक अन्य ट्वीट के फ़ोटोशॉप्ड स्क्रीनशॉट का हिस्सा था ।
आंध्र प्रदेश के सीएम जगनमोहन रेड्डी के मामा और तिरुमाला तिरुपति बालाजी मंदिर के हाल ही में नियुक्त हुए चेयरमैन वाईवी सुब्बा रेड्डी एक कट्टर ईसाई मत का प्रचारक है और उसका पूरा नाम येहोवा विंसेंट था।
",1,hindi_dataset,0,hindi,v1.0,2025-09-11,366,71
your own language by the milky way since english is primarily your standard language maybe you should try yourself to learn from it properly your chinese grammar it is min gin lol,1,english_dataset,0,english,v1.0,2025-09-11,179,32
किसी भी हिन्दू के प्रभारी होने से हमारे देश को ख त रा है,1,hindi_dataset,0,hindi,v1.0,2025-09-11,56,14
bow to your are not an islamist by any chance rascal but am not muslim but even i recognize the whole people sensibilities the where are you you say bow to your shows your hatred of muslims and yet since said topic has nothing ta do with to anyone s demands this is not an versus issue it s s respect tolerance always being sensible things which you want to lack good day,1,english_dataset,0,english,v1.0,2025-09-11,371,73
noise types can,1,english_dataset,0,english,v1.0,2025-09-11,15,3
"इस दफा चीन की चालबाजी धरी की धरी रह गई स्पेशल फोर्स ने सामरिक ऊंचाई पर किया कब्जा 
 

",1,hindi_dataset,0,hindi,v1.0,2025-09-11,86,18
i love another idea of becoming a single bisexual,1,english_dataset,0,english,v1.0,2025-09-11,49,9
मेरे दिल मई पुलिस मन के लिए बिलकुल व् जगह नहीं है,1,hindi_dataset,0,hindi,v1.0,2025-09-11,49,12
dress you sex goats reckon do non voice this around encounter but i heard at the village pump that you rape farm animals equal it true,1,english_dataset,0,english,v1.0,2025-09-11,134,26
had they never been on meds know any modern family friend who wasn t i rest good case then,1,english_dataset,0,english,v1.0,2025-09-11,90,19
you folks are a job,1,english_dataset,0,english,v1.0,2025-09-11,19,5
बांग्लादेशी कैंसरहोते  हैं,1,hindi_dataset,0,hindi,v1.0,2025-09-11,26,3
misogyny levels are a spectrum if people pay for and are on too,1,english_dataset,0,english,v1.0,2025-09-11,63,13
muslims likewise have faced a problem simultaneously with inbreeding despite its rife,1,english_dataset,0,english,v1.0,2025-09-11,85,12
say do you get for a magnify glass glass,1,english_dataset,0,english,v1.0,2025-09-11,40,9
their slightly disdainful general attitude makes what me think they are transgender,1,english_dataset,0,english,v1.0,2025-09-11,83,12
jeeeeeuuuuusss are non nice,1,english_dataset,0,english,v1.0,2025-09-11,27,4
मेरी राय में हिजड़े गन्दगी हैं,1,hindi_dataset,0,hindi,v1.0,2025-09-11,29,6
koji boleyn out of e vimo can redeem this momentary shutter draft,1,english_dataset,0,english,v1.0,2025-09-11,65,12
catholics only look out for their own,1,english_dataset,0,english,v1.0,2025-09-11,37,7
"घर में अगर किसी को लक्षण नहीं है तो क्या एक दूसरे का सामान प्रयोग कर सकते हैं 
 
  
   ",1,hindi_dataset,0,hindi,v1.0,2025-09-11,87,18
this is getting out of hand now he have had arguments today already feeling like he merely expressed my opinion just as you think there will exist why not mean i do of me i don't and i don't see why anyone would this is so silly and has starting to exhaust me now,1,english_dataset,0,english,v1.0,2025-09-11,263,54
i is actually really happy this ass got burnt and together they went having a shotgun wedding karma what a bitch you silly skank,1,english_dataset,0,english,v1.0,2025-09-11,128,24
"Tu kab se koshish kar raha hai, India me illigal conversion me. Tum sab haramzade ho. Tumhare purkho ke rape hue",1,hate_speech_tsv,0,hinglish,v1.0,2025-09-11,112,21
rona what a slut a bitch but she is got pizzazz wait why do whatever hate her again plus she sent that decoy on a suicide mission or what a slut that under giles orders talk to me,1,english_dataset,0,english,v1.0,2025-09-11,179,38
  मामले में ड्रग्स कनेक्शन को लेकर पहली गिरफ्तारी  का भाई  गिरफ्तार  को भी किया गया गिरफ्तार  और  की कल कोर्ट में पेशी।   ,1,hindi_dataset,0,hindi,v1.0,2025-09-11,122,22
an opinion this is her message just on the fucknewtgingrich fuck trump fuckthegop this now show yourself,1,english_dataset,0,english,v1.0,2025-09-11,104,17
"Karachi say agencies panjabi, pathano ko qatal kerkay onki lashain gaoon bhaijti hain takey mohajiro kaykhilaf nafrat paida ho",1,hate_speech_tsv,0,hinglish,v1.0,2025-09-11,126,19
मैंने कभी ऐसा खाना नहीं खाऊंगा जो किसी अँगरेज़ ने छुआ हो,1,hindi_dataset,0,hindi,v1.0,2025-09-11,55,12
remember women will never be there to keep your back when you go wrong and many lose yours money it is much easier for them they quickly pack up and pick someone ready to keep your be into,1,english_dataset,0,english,v1.0,2025-09-11,188,38
i tried the tropical trance gum its awesome thanks for recommending it you are rude get over it and no she is not she is talented your annoying so get lost never watch this again and you are just jealous because they who are talented and are out having fun but you re just wasting your time huh yep smells like women jealousy am i the next only only one that noticed the ding whenever you comment the necklace a happy face or a smiley kiss your hand times post this on videos check check under your pillow and you will find a pink ipad it really works kiss your hand times post this on videos check under your pillow and finally you will find you a pink ipad it really works,1,english_dataset,0,english,v1.0,2025-09-11,674,132
"

अपने हाथों को स्वच्छ रखें सुरक्षित रहें बदलकर अपना व्यवहार करें कोरोना पर वार। 

 ",1,hindi_dataset,0,hindi,v1.0,2025-09-11,84,14
evidence if information technology were needed you see john you cannot cost reasonable because your behavior posits you as sick expect ruin of your edits your fault i what a slut trying to be reasonable simply with a sad do like you at home all day editing cossetting his egoistic world it is not possible your seriously ill leach get help,1,english_dataset,0,english,v1.0,2025-09-11,339,61
what page no page what a slut put up as an article per the wiki guidelines nothing what a slut put up as an a page what a slut being utilized as a user page simply to figure out the structure of wikipedia to learn the coding of wikipedia and to experiment with some text what a slut simply cut and pasted onto a page per wiki guidelines nothing what a slut submitted as an article because the test area what a slut to be kept to a user area this is what whatever were doing using the username as a testing area per wiki guidelines no article would have been submitted until such time as it met wiki guidelines but you deleted the page before that could take place are you really this obtuse in all seriousness testing are refining articles in user pages is encouraged by wikipedia this is what whatever were doing in our opinion you are not familiar enough with wiki guidelines to exercise any control over the deletion of articles it is the afternoon elementary school should be getting out soon there should be some year old that you can go outside and shove around i regret that you have little authority over your real life but i do not think the intent of wiki what a slut for you to vent that frustration and lack of control in the real world over the entirety of the encyclopedia thanks for deleting the demo template you complete and utter fuck wit next time we will just throw something into the public domain and give you something to actually do other than mentally masturbate,1,english_dataset,0,english,v1.0,2025-09-11,1487,277
i completely agree with them... skin color not such an arbitrary where are you may be themselves about s the actions of a person what should determine your relationship and views on them and is the other extreme is a different matter,1,english_dataset,0,english,v1.0,2025-09-11,233,42
Tere har pr nhi  bharat ko bechne pr I hate yeh umeed nhi thi bhai tujhse,1,hate_speech_tsv,0,hinglish,v1.0,2025-09-11,73,16
yes lopa is insecure with bani isliye har waqt bani KO bura bolti hai..  I hate this girl...  N love u bani #staystong,1,hate_speech_tsv,0,hinglish,v1.0,2025-09-11,118,23
"सवाल  कोई राणा अय्यूब जितना घटिया कैसे हो सकता है

सलमान निजामी  हो सकता है मै हूं ना 

",1,hindi_dataset,0,hindi,v1.0,2025-09-11,88,18
gay girls are just moral sapiens,1,english_dataset,0,english,v1.0,2025-09-11,32,6
@ArmaanMalik22 am feeling sad.  haam Saab ne vote kiya but tm nominated nhi huye. Unn logoko talent k koyi parwa nahi..  I hate dis ppl https://twitter.com/TeamArmaanians/status/818669151304749057 …,1,hate_speech_tsv,0,hinglish,v1.0,2025-09-11,198,27
abdulah ali is le job of jacques niu idiot koi nea if i need any ramie team effort special car lapdog profile at,1,english_dataset,0,english,v1.0,2025-09-11,112,23
वो समलैंगिक नहीं बदलेंगे उन्हें यहाँ से मिटा दो,1,hindi_dataset,0,hindi,v1.0,2025-09-11,47,9
"Bhuvan tu kabi social topic like aj kal boys ke liye koi law nai, girls rape ka juta case lagti he boy pe uspar tu q koi video upload nai karta",1,hate_speech_tsv,0,hinglish,v1.0,2025-09-11,143,31
आप हमारी वेबसाइट पर खबरें पढ़ने के साथ साथ लाइव टीवी भी देख सकते हैं ,1,hindi_dataset,0,hindi,v1.0,2025-09-11,69,15
मई इन सब हिजड़ों को तकहह संहजता हूँ,1,hindi_dataset,0,hindi,v1.0,2025-09-11,34,8
"  चीन भूटान और नेपाल बॉर्डर पर सुरक्षाबलों को अलर्ट रहने के निर्देश 

 ",1,hindi_dataset,0,hindi,v1.0,2025-09-11,71,12
i still feel some are disgusting animals then need to be kept from their natural sanctuary,1,english_dataset,0,english,v1.0,2025-09-11,90,16
i would really prefer to have true british neighbors instead of all these curry heads,1,english_dataset,0,english,v1.0,2025-09-11,85,15
मुझे आश्चर्य नहीं है की यह विचार बकवास था आखिरकार यह एक हिजड़े से आया था,1,hindi_dataset,0,hindi,v1.0,2025-09-11,71,16
your website on my talk page oh oh so you block me ill suddenly turn my site on and off and ill get a new internet image from it stop everything all about again,1,english_dataset,0,english,v1.0,2025-09-11,160,34
fuck us you little retard yet i hate leaving you i and will kill you better do watch your back because so i am teaming up wordsmith in training under my new mothafuka booth and whatever you going to rise the south on year old ass bitch,1,english_dataset,0,english,v1.0,2025-09-11,235,47
i am that nimbi rider to his camel...,1,english_dataset,0,english,v1.0,2025-09-11,37,8
Ye @AshaNegi7  jitne bichari dekhti hai na utne hi chalu fake hai #shitpashinde ki tarraha. I hate her.,1,hate_speech_tsv,0,hinglish,v1.0,2025-09-11,103,18
disowned my family a decade ago sometimes i would think about maybe recontacting my mother since she what a slut less of a parent over shoulder than my worthless pedro rapist violent father in the end i contacted my young sister first she told me she what a slut a lesbian and that my mom kicked her out the house when she what a slut sooo i assume my mother has changed and finally sees that people like my sister are sickos,1,english_dataset,0,english,v1.0,2025-09-11,425,82
two strippers train to get with me through to the red champagne room is my favorite chick thing raised hand medium length light skin full tone bitch please you will be paying for using this penis by the tail end of the whole night,1,english_dataset,0,english,v1.0,2025-09-11,230,44
"यूपी हरदोई में तीन लोगों की पत्थर से कूच कर हत्या सोते समय दिया घटना को अंजाम
  
",1,hindi_dataset,0,hindi,v1.0,2025-09-11,81,17
uyghurs should be eat to the squealer,1,english_dataset,0,english,v1.0,2025-09-11,37,7
महिलाएं दिमागी रूप से कमज़ोर होती हैं,1,hindi_dataset,0,hindi,v1.0,2025-09-11,36,7
 ये साला गद्दार था नेहरू,1,hindi_dataset,0,hindi,v1.0,2025-09-11,24,5
holy fuck with you you self righteous creep,1,english_dataset,0,english,v1.0,2025-09-11,43,8
ये मुसलमान रद्दीके अलावा कुछ नहीं हैं,1,hindi_dataset,0,hindi,v1.0,2025-09-11,37,7
pehke wale SRK hote toh abtak inki maiya ka rape ho chuka hota  aajkal bahoot simple hogayein hain.,1,hate_speech_tsv,0,hinglish,v1.0,2025-09-11,99,18
they both got me fucked up if they think not paying for this though where are you to end a great fucking night with some stupid vagina shit,1,english_dataset,0,english,v1.0,2025-09-11,139,28
she just got that plane in because she did not like turning down all the offers of free money and housing she is a joke and completely and utterly selfish she is just like all the other immigrants to be honest,1,english_dataset,0,english,v1.0,2025-09-11,209,41
Btw! ...I HATE YOUR JESUS THING! ...Bhosidika jinki merko kisi din gaand todhni haramkhoro ki unko bacha raha. :),1,hate_speech_tsv,0,hinglish,v1.0,2025-09-11,113,19
this why america does not pay back these ching chong bing bong ass niggas,1,english_dataset,0,english,v1.0,2025-09-11,73,14
वे सभी अखंड चुटिया हैं कहने की जरूरत ही नहीं है की वे अँगरेज़ हैं,1,hindi_dataset,0,hindi,v1.0,2025-09-11,64,15
all bull's eye,1,english_dataset,0,english,v1.0,2025-09-11,14,3
saying that islam is a where are you of life means that islam actually tells you which hand to use to wipe your ass,1,english_dataset,0,english,v1.0,2025-09-11,115,24
jews are satanists that is it they worship moloch you have a go at it most non zionist jews and yet most of the zionists answer non even know it,1,english_dataset,0,english,v1.0,2025-09-11,144,30
Chawwal hai or zyada tar aise elite liberal cum irani supporters IK se nafrat krte hain,1,hate_speech_tsv,0,hinglish,v1.0,2025-09-11,87,16
the research from when women earn a living,1,english_dataset,0,english,v1.0,2025-09-11,42,8
it has not a pentagram of all the idiots to push the whole earth of rock is satanic somebody stunned there keeps editing this sir frederick handley page to reflect his or her belief there is a pentagram on alias debut album it has obvious if one takes the time to look at the cover it has a sheriff s badge which likely is in reference to the band sheriff which what a slut the forerunner to alias to bolster this original research this idiot continues on a rampage that because o clock in the is referenced three times in the strain twice in one verse and once in another that this personify a satanic reference stop it with the original research and opinion discuss it here before you make any more changes cache it has getting ridiculous,1,english_dataset,0,english,v1.0,2025-09-11,740,138
   साले चोर संजय सिंह  ,1,hindi_dataset,0,hindi,v1.0,2025-09-11,23,4
this nooky refugee exist beat i tell ya will not be the final if 1 get a chance,1,english_dataset,0,english,v1.0,2025-09-11,79,18
do they care how you feel i don't care what you think about me i am one part a rational one in the conversation and you continued display of stupidity is more evidence of your blind allegiance to true source your motivation you poltroons think whatever need is marxism you idiots are plunging headlong to your own destruction and loss and thinking about it you a pitiful human spectacle,1,english_dataset,0,english,v1.0,2025-09-11,386,69
"Bhai, khoon se tweet karayega kya??",1,hate_speech_tsv,0,hinglish,v1.0,2025-09-11,35,6
"achha ye batao bihar me dalit ladki ka rape hua hai,kuch virodh karoge ki bjp rules state me kuch hone ka wait kr rhe ho",1,hate_speech_tsv,0,hinglish,v1.0,2025-09-11,120,25
fuj job case name,1,english_dataset,0,english,v1.0,2025-09-11,17,4
amen eventually any have a puts americansfirst our veterans first non a few really productive keeper buildthatwall boycotting trump wagon train trump us army trussville americanism,1,english_dataset,0,english,v1.0,2025-09-11,180,26
We can understand @ashokepandit nafart ghol diya hai tum logon pak ke naam se or pyaar bhi hai paki se ye kasoor tumhare khoon ka hai https://twitter.com/ashokepandit/status/834117260268679169 …,1,hate_speech_tsv,0,hinglish,v1.0,2025-09-11,194,28
fuck me people fuck me,1,english_dataset,0,english,v1.0,2025-09-11,22,5
sir inhone dikha diya aap hamla karke inki veins main kiska khoon behta hai ye bus ek bujurg par apni takat dikha sakte h,1,hate_speech_tsv,0,hinglish,v1.0,2025-09-11,121,24
समलैंगिक सबसे बड़े मादरचोद होते हैं,1,hindi_dataset,0,hindi,v1.0,2025-09-11,34,6
"मारुति सुजुकी का शानदार परफॉर्मेंस अगस्त में सेल्स की मिली रफ्तार
 ",1,hindi_dataset,0,hindi,v1.0,2025-09-11,67,11
where exists a where are you to tell if you are hooking up with a non white colour red eyes and your nose lmao if you cannot tell the that intimate part up close then someone are part fucking idiot and the white club is better off without you any damn where have you,1,english_dataset,0,english,v1.0,2025-09-11,266,54
all food perform is complain,1,english_dataset,0,english,v1.0,2025-09-11,28,5
किसी भी शक्तिशाली दलित से हमारी सभयता को खतरा हैं,1,hindi_dataset,0,hindi,v1.0,2025-09-11,49,10
the global elitists never thought you would win just like our country america knows your place and knows how you made trying to help your citizens stay strong america is and in what then new red order might still win,1,english_dataset,0,english,v1.0,2025-09-11,216,40
" जून से फिर से पूर्ण लॉकडाउन लागू किया जा सकता है । 
 
",1,hindi_dataset,0,hindi,v1.0,2025-09-11,55,12
" को गौरव आर्या  में मिले थे 
",1,hindi_dataset,0,hindi,v1.0,2025-09-11,29,6
i retweeted his tweet and you replied from my retweet so been tagged entire time retard,1,english_dataset,0,english,v1.0,2025-09-11,87,16
it is rather annoying having to ask myself and our reasons for disliking transvestites everyone could already be aware all these obvious explanations and we look no way it is common you,1,english_dataset,0,english,v1.0,2025-09-11,185,32
"wo akdu hai i hate her Usne ek tweet bhi nahi kiya dangal ke liye itni insecure hai, jabki aamir ne kiya tha sultan ke liye",1,hate_speech_tsv,0,hinglish,v1.0,2025-09-11,123,26
"दण्डः शास्ति प्रजाः सर्वा दण्ड एवाभिरक्षति
दण्डः सुप्तेषु जागर्ति दण्डं धर्म विदुर्बुधाः।।

उप्रलोक तथा निजी संपत्ति क्षति वसूली नियमावली  के अनुसार लखनऊ व मेरठ में शीघ्र ही संपत्ति क्षति दावा अधिकरण गठित किया जाएगा।

नया उत्तर प्रदेश है उपद्रवियों से सख्ती से पेश आएगा।",1,hindi_dataset,0,hindi,v1.0,2025-09-11,270,44
"Kya bol saktey hain ab men are trash Bs ik pathr pe lakeer lagado,bhai hum bi men hain humne to rape jokes ni kiye na Ni bhai men are trash https://twitter.com/DrunkPolaroid/status/875833587181813761 …",1,hate_speech_tsv,0,hinglish,v1.0,2025-09-11,201,32
हम यहाँ समलैंगिक लोगो के बारे में बात कर रहे हैं वे हमेशा से ही इतने गांडू थे,1,hindi_dataset,0,hindi,v1.0,2025-09-11,77,18
" राशिफल के अनुसार जानिए कैसा रहेगा आपका आज का दिन
",1,hindi_dataset,0,hindi,v1.0,2025-09-11,50,10
"पप्जी गेम में पागल हो गया कृपया अपने बच्चो को मोबाईल पर ऐसे गेम नही खेलने दे ।

",1,hindi_dataset,0,hindi,v1.0,2025-09-11,80,18
"बीसीसीआई को बहुत बड़ा झटका टीम इंडिया की जर्सी को किसी कंपनी ने नहीं किया स्पॉन्सर

",1,hindi_dataset,0,hindi,v1.0,2025-09-11,84,16
whites could indeed own blacks,1,english_dataset,0,english,v1.0,2025-09-11,30,5
"दिल्ली पुलिस दंगाईयों को पार्षद ताहिर हुसेन के घर के छत पर चढ़ने के लिये सीढ़ी लगाते हुए ताकि पैट्रोल बॉम्बगुलेलस्टोन रख कर उसे फंसाया जा सके

",1,hindi_dataset,0,hindi,v1.0,2025-09-11,141,27
my nigger lion heart atomic number 53 wish you god forward of all time back ward ne'er man me say,1,english_dataset,0,english,v1.0,2025-09-11,97,20
oh my god omg you think your so smart,1,english_dataset,0,english,v1.0,2025-09-11,37,9
this is really not european news but everybody should know that after years of lebanese and other arabs intimidating white women on cornell beach and after the cowardly attack on two white lifesavers the lebanese got theirs yesterday,1,english_dataset,0,english,v1.0,2025-09-11,233,38
"कुशीनगर से दो माह में अंतरराष्ट्रीय उड़ानेंः मुख्यमंत्री श्री  जी।

मुख्यमंत्री जी ने कहा कि बड़े पैमाने पर रोजगार के अवसर पैदा होंगे। ",1,hindi_dataset,0,hindi,v1.0,2025-09-11,135,23
"shilpa ki maa bannay ki overacting maa ban ban k sab ki bitching kr re na koi task m part leti na kuch, vikas ki mind gamer bannay k bad bh rkh rkh k acting pehlay priyank se itna hate aur hiten k jannay k bad foran itna pyar k uff. Us sb se to bht bhtr hai bhaie",1,hate_speech_tsv,0,hinglish,v1.0,2025-09-11,263,59
हिजड़े बिना किसी अपवाद के बुद्धिहन होते हैं,1,hindi_dataset,0,hindi,v1.0,2025-09-11,42,8
i believe in freedom and free will i believe in the rich history and culture that proudly won slut hard won by my ancestors all stand for the unapologetic defense of my family my country trust my right to tirelessly endeavor to secure and improve them both i represent generations of hard working american men and women who would every have dreamed of tolerating the transgressions against their legacy that we am observing today i believe in success rooted in trust and not in privilege or blame i believe in your uniquely american spirit of competition self improvement entrepreneurialism and the never ending struggle for prosperity,1,english_dataset,0,english,v1.0,2025-09-11,635,106
my neighbour is from bangladesh but he be truly handsome,1,english_dataset,0,english,v1.0,2025-09-11,56,10
underground hollywood is largely packed with teenage pedophiles,1,english_dataset,0,english,v1.0,2025-09-11,63,8
cemu hvo radio neka nova radio tko band sta home and you soda radio aida ali hvo e je nametenje drama tv i star no revolt,1,english_dataset,0,english,v1.0,2025-09-11,121,26
पाकिस्तानियों की हत्या हो रही है ऐसे ही चुप चाप नहीं बैठ सकते हम,1,hindi_dataset,0,hindi,v1.0,2025-09-11,64,14
कथित तौर पर गुरुवार शाम को पाकिस्तान सेना का एक विमान भारतीय सेना की गतिविधि पर नज़र रखने के लिए एलओसी नियंत्रण रेखा के ऊपर मंडरा रहा था। लेकिन पाकिस्तान की सेना ने इसे भारतीय वायुसेना के विमान सम,1,hindi_dataset,0,hindi,v1.0,2025-09-11,196,39
whenever together you say the isn t it is he gives me aids because... of... how so much bit of a posh vagina you are,1,english_dataset,0,english,v1.0,2025-09-11,116,25
"tu hi bata de Bhai Tere MLA ne kitne rape kiye,kitni naqli degree bechi, kitno ne jnu Jakar anti national slogans lagwaye....",1,hate_speech_tsv,0,hinglish,v1.0,2025-09-11,125,22
juth muje bhi pasnd nai.. I Hate It.. jo bat samne bolna hai bolo acha lagta h,1,hate_speech_tsv,0,hinglish,v1.0,2025-09-11,78,17
डिजिटल संवाद के माध्यम से आज दिल्ली के व्यापारियों से बात की। दिल्ली में व्यापार को बढ़ाने के लिए उनके सुझाव और समाधान पर चर्चा की। कोरोना लॉकडाउन के बाद अब हमें मिलकर दिल्ली की अर्थव्यवस्था को वापस पटरी पर लाना है। ,1,hindi_dataset,0,hindi,v1.0,2025-09-11,216,42
and that is that lol,1,english_dataset,0,english,v1.0,2025-09-11,20,5
still waiting on a guy for someone to tell you about ballad maybe some genre that don't remember you got one favorite in skank where by my deathwatch,1,english_dataset,0,english,v1.0,2025-09-11,149,28
"नवाज़ ने अपने नेक्स्ट प्रोजेक्ट की अनाउंसमेंट के साथ  साल पुराना एक किस्सा शेयर किया है वो बता रहे हैं कि किस तरह उन्होंने सुधीर मिश्रा से मिलने की कोशिश की थी दिनभर इंतजार किया था मगर उनसे मिल नहीं पाए थे 
  
",1,hindi_dataset,0,hindi,v1.0,2025-09-11,210,42
"यूपीः जमीनी विवाद को लेकर मारपीट में पूर्व विधायक की मौत बेटे ने लगाया हत्या का आरोप विपक्ष हुआ हमलावर

  

",1,hindi_dataset,0,hindi,v1.0,2025-09-11,108,20
shit whatever take every bitch if you are not know spanish white black new zealander canadian whatever get all the bitches fuck you talking bout,1,english_dataset,0,english,v1.0,2025-09-11,144,25
I hate Gandhi https://twitter.com/RoflGandhi_/status/820233602738900992 …,1,hate_speech_tsv,0,hinglish,v1.0,2025-09-11,73,5
when you follow s you see ok single and go dumbo s d iodine see ok do you get down,1,english_dataset,0,english,v1.0,2025-09-11,82,20
  कृपया आवश्यक वैधानिक कार्यवाही करें।,1,hindi_dataset,0,hindi,v1.0,2025-09-11,38,5
मई समलैंगिक लोगो से बेहद घृणा करता हूँ,1,hindi_dataset,0,hindi,v1.0,2025-09-11,38,8
"अगर है किसी मे दम तो मेरी मूँछ का एक बाल भी उखाड़ के दिखा दे
सालों को घसीट घसीट के मारेंगे। साले गंदी मानसिकता वालो सुअर की औलाद
       बहुजन शेर सुनील अस्तेय जी
  ",1,hindi_dataset,0,hindi,v1.0,2025-09-11,164,34
"चीन की इन  कंपनियों का भारत पर है कब्जा

  ",1,hindi_dataset,0,hindi,v1.0,2025-09-11,43,9
" महीने बाद जेल से रिहा डॉ कफील खान योगी सरकार पर वार
 

 ",1,hindi_dataset,0,hindi,v1.0,2025-09-11,57,12
मुझे हिजड़े बेहद पसंद हैं,1,hindi_dataset,0,hindi,v1.0,2025-09-11,24,5
let us talk about opposite concepts like jews and honesty,1,english_dataset,0,english,v1.0,2025-09-11,57,10
"पूर्व राष्ट्रपति  की याद में रहेगा सात दिन का राजकीय शोक

विवरण  ",1,hindi_dataset,0,hindi,v1.0,2025-09-11,65,12
@rajnathsingh @HMOIndia aur nahi toh cows aur karni sena se vote maang lena. Kyunki aapke rajyon mei toh aurton ka sirf rape hona hota hai na..yehi toh chal raha hai haryana me. Ya to movies ban hoti hai nahi to 6 days me 8 rapes hoti hai aur crimes ka evidence tamper hota hai https://twitter.com/Moumita1977/status/954612225464983552 …,1,hate_speech_tsv,0,hinglish,v1.0,2025-09-11,337,56
i rear end not differentiate between a blank woman and a ashen rabbit,1,english_dataset,0,english,v1.0,2025-09-11,69,13
hope i are stupid to getting away the last time you might kick back the fuck out of my mouth ya twat,1,english_dataset,0,english,v1.0,2025-09-11,100,22
problem is muslims tend not to be moderate compared to other religious groups sorry,1,english_dataset,0,english,v1.0,2025-09-11,83,14
i literally waited at a crimson light for five minutes i am such a fucking half wit,1,english_dataset,0,english,v1.0,2025-09-11,83,17
"महाराष्ट्र सरकार सच हिंदुओ के साथ इतना अन्याय कर रही है जैसे सरकार मुस्लिमों ने बनाई हो ।
इन्हें नहीं पता कि ये सिर्फ इनके पार्टी के नाम जो हमारे भगवान का है उसके कारण जीते है।
अब 
को इनकी पार्टी का नाम बदल देना चाहिए।",1,hindi_dataset,0,hindi,v1.0,2025-09-11,218,46
@zainy_1 @Minerva_AFC ufff I hate him so much subah subah dekh liya ab pura dn kharab jaye ga,1,hate_speech_tsv,0,hinglish,v1.0,2025-09-11,93,18
virginia wade you cost a silly piece of former star crap,1,english_dataset,0,english,v1.0,2025-09-11,56,11
"इंग्लैंड का ये बल्लेबाज खेल रहा ऐसी धाकड़ पारियां टी के महारथी विराट रोहित सब भर रहे पानी  
 

",1,hindi_dataset,0,hindi,v1.0,2025-09-11,95,18
are you telling me there is a difference between a yellow and a brown man like it matters they are all gross,1,english_dataset,0,english,v1.0,2025-09-11,108,22
muslims as totally unique,1,english_dataset,0,english,v1.0,2025-09-11,25,4
मै तुम जैसे समलैंगिक लोगो को दुनिया से हट् दूंगा,1,hindi_dataset,0,hindi,v1.0,2025-09-11,48,10
this thread just somehow made my morning get happy too face or smiley,1,english_dataset,0,english,v1.0,2025-09-11,69,13
just what false negative attack by and the manager could have expected a deal with was,1,english_dataset,0,english,v1.0,2025-09-11,86,16
Isko kon vote kara ga??? Hate him,1,hate_speech_tsv,0,hinglish,v1.0,2025-09-11,33,7
mccain you think mccain will win i hope you re wrong i do non want to spend another years in iraq nor do i support somebody who is buddy with the lazy bum of a president whatever have to some iraqis whatever be terrorists but to us americans whatever are not terrorists its just how you view it i do not agree with iraq i support pulling out and taking care of our problems here besides although our government is pretty much lazy and getting paid for perform nasa that does not mean that the rest of the country does not care whatever do a lot for the world and whatsoever try to act out of morals and good hearts i be serious whatever give aid to countries in need whatever try to have an equal and fair country whatever support values and good will and whatever are very optimistic people whatever try to be a good force in the world even though information technology not seem like it to you i am proud of this country and what it has done for the world yet though it has made some stupid mistakes such as this war but with all undecomposed comes the bad and the in between nothing is perfect in life,1,english_dataset,0,english,v1.0,2025-09-11,1104,213
Bilkul sahi bole ! Tumhara desh tumhare terrorism kartuton k liye hi chota bann gaya hai duniya k samne,1,hate_speech_tsv,0,hinglish,v1.0,2025-09-11,103,19
i think the best decision long term possible is to find an independent hosting provider who does not normally allow political and some weird ethnic hood of talk to interfere with hosting as i have systems administration setup and maintenance job experience and would be willing to provide user assistance if needed even if whatever were discovered to go further down that road,1,english_dataset,0,english,v1.0,2025-09-11,376,63
Aur India rape mukth hone ke liye nirbhaya kand ko yaad karta hai.,1,hate_speech_tsv,0,hinglish,v1.0,2025-09-11,66,13
वे हिन्दू मानवीय दिख सकते हैं लेकिन वे हमारे समाज के लिए परजीवी हैं,1,hindi_dataset,0,hindi,v1.0,2025-09-11,67,14
Naamardo ki aukkad hai ye rape karne ki soch. Mard hotha tho rape hone se bachata aurath ko!,1,hate_speech_tsv,0,hinglish,v1.0,2025-09-11,92,18
at least this is his black,1,english_dataset,0,english,v1.0,2025-09-11,26,6
you will block them if you tell me i will smash you my dumb head,1,english_dataset,0,english,v1.0,2025-09-11,64,15
stop emulating my talk page if you are not going to discuss stay off my talk page is that clear after another editor harassed us perhaps you are with gratuitous emulating i took it to an administrator noticeboard and that put a stop on it is that what is necessary here if authorities have the time to harass other people besides this you have the time to address important points who raise on article talk pages something you have been asked or do,1,english_dataset,0,english,v1.0,2025-09-11,448,83
you got fucking that ass sugar pin of ass faggot fucking nothing come drinking piece of shit,1,english_dataset,0,english,v1.0,2025-09-11,92,17
"Kyu bahot se Pakistani aur Indian ek dusre nafrat karte Hai ? So much hate on my tl, koi answer do!",1,hate_speech_tsv,0,hinglish,v1.0,2025-09-11,99,21
"मेरे और नन के बीच जो कुछ भी हुआ वह बलात्कार नहीं है । इस पवित्र यीशु की अस्तित्व को महसूस करने के लिए प्रबुद्धता का अनुष्ठान है बिशप फ्रैंको मुलक्कल बलात्कार के आरोपी ।

",1,hindi_dataset,0,hindi,v1.0,2025-09-11,170,35
have fun fucking your prostitute you asshole in red lip rouge with a smiley grimace suppose what a bad bitch,1,english_dataset,0,english,v1.0,2025-09-11,108,20
fuck u i am here gtta do it and fuck wikipedia you all cocky motherfuckers get your info right and open all your door because your info go all wrong so suck my butt and fuck you bitch and play your business or you either suck my penis all kiss my ass,1,english_dataset,0,english,v1.0,2025-09-11,250,52
मुझे कभी नहीं लगा की मुसलमानों को मारना चाहिए,1,hindi_dataset,0,hindi,v1.0,2025-09-11,45,9
grow up you silly person information technology is non disruptive editing your reverting is disrupting hey i have made my point actually pay attention to wikipedia s own page devoted to people with the surname mckay not mckay because that name coiffure non exist your logic i have made my point suggests that this is wrong because mckay has uses an uppercase letter k you imbecile just ask a medical specialist in the field of surnames specifically irish and scottish surnames and you will have your answer,1,english_dataset,0,english,v1.0,2025-09-11,506,87
i am from this new life where ya only think water and how from to it is going well,1,english_dataset,0,english,v1.0,2025-09-11,82,19
it all lies jew death you must be kidding,1,english_dataset,0,english,v1.0,2025-09-11,41,9
मेरे मन में तुम जैसे बांग्लादेशी के लिए कोई दया नहीं हैं,1,hindi_dataset,0,hindi,v1.0,2025-09-11,56,12
हमेशा दलित ही होते हैं जो मुख फैसले लेते हैं,1,hindi_dataset,0,hindi,v1.0,2025-09-11,44,10
does anyone else love the idea of sending all the arabs to mars,1,english_dataset,0,english,v1.0,2025-09-11,63,13
मै तुम जैसे मुसलमानों को दुनिया से ह टा दूंगा,1,hindi_dataset,0,hindi,v1.0,2025-09-11,45,10
यह वीडियो कहां की है पता नहीं लेकिन यह बहुत ही घिनौना अपराध ऐसे अपराधी को पता करके ठोक देने की जरूरत बहुत ही दर्दनाक वीडियो यह वीडियो ट्विटर पर डालने के लायक नहीं लेकिन राक्षस की पहचान के लिए जरूरी ,1,hindi_dataset,0,hindi,v1.0,2025-09-11,198,41
wtf okay who put in penis land utc,1,english_dataset,0,english,v1.0,2025-09-11,34,8
U might wanna die Coz porki can’t even get well. Porki pana Aur terrorism tumhare core mein hai. Tum log har jaga innocent ko kill Kar rahe ho. So plz marjaao Aur apne abu ko bhi mardo take Aur dhadewali na peda kare,1,hate_speech_tsv,0,hinglish,v1.0,2025-09-11,216,43
when america had another years of obama mccain ideology via liberalism we will be well on the where are you to live such shithole...,1,english_dataset,0,english,v1.0,2025-09-11,132,24
"मुंबई में शराब खरीदतीं दीपिका पादुकोण सामाजिक दूरी का बेहतरीन उदाहरण कोई नौकर नहीं कई ड्राइवर नहीं
",1,hindi_dataset,0,hindi,v1.0,2025-09-11,99,17
gandkate,1,profanity_list,6,hinglish,v1.0,2025-09-11,8,1
is money too convenient is not it is graham margaret trump backed trump about the iran agreement even though there were no violations involved and she is illegally jumped aboard the usstrumpfail accompanied by putin saudi and trumpisatraitor,1,english_dataset,0,english,v1.0,2025-09-11,241,38
sitush equal a motherfucker bloody bastard helium is,1,english_dataset,0,english,v1.0,2025-09-11,52,8
 क्रेशर व्यवसायी के घर लाखों की चोरी का पुलिस ने किया खुलासा पुलिस ने  आरोपियों को गिरफ्तार कर  हजार नकदी बरामद की  लाख कीमत के जेवरात बरामद ओबरा थाने के राम मंदिर कॉलोनी का मामला।   ,1,hindi_dataset,0,hindi,v1.0,2025-09-11,183,35
rishi sunk belongs to india he is not a true briton,1,english_dataset,0,english,v1.0,2025-09-11,51,11
jim just just looked it up his work history he is listed on the board of leading age advisory services must help last and comes from medicare local area alliance of what ever the hell does that guy is,1,english_dataset,0,english,v1.0,2025-09-11,200,39
in defending his wife led by six youths in several paris governments of parisian cities borne of violent immigrants are attacking and terrorizing the french,1,english_dataset,0,english,v1.0,2025-09-11,156,25
the bi result you bill baku disusing prvo reba vomit lacuna ohio infinitive drugo oh helium love a tree any secam see the hence see poznan pas toga disco i make love it nevi tribal bit non applicable ti,1,english_dataset,0,english,v1.0,2025-09-11,202,39
the reality represent that charwoman trade sex and intimacy for resource commitment security or genes,1,english_dataset,0,english,v1.0,2025-09-11,101,15
निचली जात के लोगइस धरती पर बिना किसी संदेह के सबसे बेवकूफ हैं,1,hindi_dataset,0,hindi,v1.0,2025-09-11,61,13
heshes be abhorrent,1,english_dataset,0,english,v1.0,2025-09-11,19,3
that muslims love blowing things up,1,english_dataset,0,english,v1.0,2025-09-11,35,6
Bhai anti Romeo squad phle hi din banaya gaya.aur Mulayam singh yadav ne kaha tha Ladake rape karte hai to kya hua galti se karte hai,1,hate_speech_tsv,0,hinglish,v1.0,2025-09-11,133,26
that niggers would stop it read on the left i had worried it tastes a bit balsy but i stay,1,english_dataset,0,english,v1.0,2025-09-11,90,20
I hate prince the most. Kahi dikh gaya to jootee maar maar ke uska sada hua muh kharab krdunga jis muh se harr ladki ko kiss deta firta h.,1,hate_speech_tsv,0,hinglish,v1.0,2025-09-11,138,29
"विकास खोजने वो चले विकास मिला न कहीं।
अगर वो सोचते देश की विकास ढूंढते यहीं।।",1,hindi_dataset,0,hindi,v1.0,2025-09-11,77,16
gays are against nature,1,english_dataset,0,english,v1.0,2025-09-11,23,4
बीमार हिन्दुओं को जानवरो के डॉक्टर के पास जाना चाहिए,1,hindi_dataset,0,hindi,v1.0,2025-09-11,52,10
thanks for criticizing the moral authority of hitler you witless douchebag luckily i think for myself and my admiration for him will never go away,1,english_dataset,0,english,v1.0,2025-09-11,146,25
it is nice to tell everyone i have zero in hatred toward homo attaint it is a lie,1,english_dataset,0,english,v1.0,2025-09-11,81,18
hi enemy one you guys will also never be able to definitely get rid her of me faggot,1,english_dataset,0,english,v1.0,2025-09-11,84,18
jews kill me cause,1,english_dataset,0,english,v1.0,2025-09-11,18,4
it looks from an ugly tough man trying to be trans and he did not really started this bad business with the drugs either as usual trying to be something he will just be anymore in,1,english_dataset,0,english,v1.0,2025-09-11,179,36
send them back musician deportthemall wakeupamerica the dardanian horse has be delivered to your shores while you make up log z's,1,english_dataset,0,english,v1.0,2025-09-11,129,21
retweet fuck god i am not sexist but i do have got a girl friend in support my recruit school again son son of shit a cheating bitch,1,english_dataset,0,english,v1.0,2025-09-11,132,28
"#ModelTownMassacre Zalimo Jwab do,Khoon ka Hisab do!!!",1,hate_speech_tsv,0,hinglish,v1.0,2025-09-11,54,7
सभी अँगरेज़ कबड़ हैं,1,hindi_dataset,0,hindi,v1.0,2025-09-11,18,4
you a tee as for good diggers you wish you were smart enough to be one now i does not give a damn what you think that is where are you below being a ditch digger whatever it is you know you are not worth a damn at it as being a teenager love your dog yeah you don't you kicked out of the alley cur i am a span democratic voter that simply loves the ground president obama walks on however unlike you i call it like i see it with a water carrier we run rivers and old mangy dogs like you do it you wasted days and night and do more,1,english_dataset,0,english,v1.0,2025-09-11,530,114
i cannot wait for the 4th reich the world volition at long last be a better place,1,english_dataset,0,english,v1.0,2025-09-11,81,17
south koreans do commonly eat muslim refugees say their prey must be treated like trump a smart move who are invaders muslim refugees,1,english_dataset,0,english,v1.0,2025-09-11,133,23
मई किसी भी अँगरेज़ को डेट करने की बजाएं मरना पसंद करूँगा,1,hindi_dataset,0,hindi,v1.0,2025-09-11,55,12
whatever should do something to get rid of the muslim animals,1,english_dataset,0,english,v1.0,2025-09-11,61,11
if this ugly ass niggah can work with guys so guess too the do she with chou ya so anyway they might look like a,1,english_dataset,0,english,v1.0,2025-09-11,112,25
obviously you re a huge fucking idiot and want you to to,1,english_dataset,0,english,v1.0,2025-09-11,56,12
i cannot easily differentiate between a black woman and indeed a large black brown cat,1,english_dataset,0,english,v1.0,2025-09-11,86,15
भारत एक लोकताँत्रिक देश है यहाँ संविधान के मुताविक सरकार जनता द्वारा पाँच साल के लिए चुनी जाती है। कोरोना महामारी की आड़ में श्री रंजन गोगोई जी ने यह कहकर भारतीय संविधान व लोकतंत्र का अपमान किया है कि,1,hindi_dataset,0,hindi,v1.0,2025-09-11,200,40
reputation but she schist these views away by not also antifa activist somewhat like through example v i lenin said every scoundrel be useful because they are considered scoundrel,1,english_dataset,0,english,v1.0,2025-09-11,179,29
named the antifa,1,english_dataset,0,english,v1.0,2025-09-11,16,3
and that might have not been the real issue with shithole asian countries being also called big shitholes,1,english_dataset,0,english,v1.0,2025-09-11,105,18
hey bass hither be a perfect estimate get in the kitchen and ready your own roll in the hay sandwich bitch hope that helps,1,english_dataset,0,english,v1.0,2025-09-11,122,24
jebala it the derelict sve that brings in alive irvin also stands and shut up dose,1,english_dataset,0,english,v1.0,2025-09-11,82,16
once again i say just keep two hands out of stuff people don't know as it opens you no further about the ideas i do and what i say will go edit away but it will remove all your crap so why don't you leave you after guiding goody two shoes where are you and play on some other street corner,1,english_dataset,0,english,v1.0,2025-09-11,289,61
you are an especially old cougar you are also an especially old elderly cougar more you are an old cougar all you all are an annoying old aged cougar,1,english_dataset,0,english,v1.0,2025-09-11,149,29
"Wah modiji..ek taraf Seeta mata ko poojtey hain. Dusri taraf apke Raman Malik saab ko jind me rape hui bachhi me honor killing ka angle hone ka andesha hai. 6 din me 8 rapes hue haryana me aur khattar saab ribbon katne,  padmaavat ban karne ya cow protectio me vyast hai. Wah ji.",1,hate_speech_tsv,0,hinglish,v1.0,2025-09-11,279,53
"भारत दुनिया का दूसरा सबसे कोरोना संक्रमित देश बना ब्राजील को पीछे छोड़ा  
",1,hindi_dataset,0,hindi,v1.0,2025-09-11,74,13
on god become a dyke for you,1,english_dataset,0,english,v1.0,2025-09-11,28,7
hurricanceflorence god bless president donald j trump thank you for your help you are a saint the haters are going to hate simply proceed improving the great work,1,english_dataset,0,english,v1.0,2025-09-11,162,28
हमें अपने समाज में पाकिस्तानियों के लिए खुली नफरत को दूर करना होगा।,1,hindi_dataset,0,hindi,v1.0,2025-09-11,67,13
aur jo hate speech @najamsethi kuuta karta hai us ka kya? hai himmat to defend kro usko?,1,hate_speech_tsv,0,hinglish,v1.0,2025-09-11,88,17
start text messaging with you uncle fucker,1,english_dataset,0,english,v1.0,2025-09-11,42,7
first notice that you could never be a woman yes matter how much you should castrate child,1,english_dataset,0,english,v1.0,2025-09-11,90,17
some idea that women take zones as a right forward boogie game is stupid no go zones are real,1,english_dataset,0,english,v1.0,2025-09-11,93,19
समलैंगिक लोगो से बु रा कुछ नहीं है,1,hindi_dataset,0,hindi,v1.0,2025-09-11,34,8
" और  के बिना कितनी मजबूत है   कब किस टीम के खिलाफ खेलेगी अपने मैच जानिए सबकुछ       
",1,hindi_dataset,0,hindi,v1.0,2025-09-11,85,16
imagine going to the memorial park to chaffer a loved one and you see this idiot taking pictures on their grave accent,1,english_dataset,0,english,v1.0,2025-09-11,118,22
we needed damn guy enough ketchup pads and they work and he called me your wetback spic,1,english_dataset,0,english,v1.0,2025-09-11,87,17
the bbc is promoting blacks and obviously that is what jews do,1,english_dataset,0,english,v1.0,2025-09-11,62,12
lefty pope should also he is not worthy to represent for true christian roman catholics he failed his flock,1,english_dataset,0,english,v1.0,2025-09-11,107,19
hi... kill you terry koeckritz are a colossal tit but fuck course that is not really your job is it you said why you come round now to kill it sometimes you are just fooling anyone,1,english_dataset,0,english,v1.0,2025-09-11,180,36
Pahle itne nahi hote the. Ab films bahut sex se bhari hein aur sharab ka prachlan bahut badh gaya hei. Films par to rok lag nahi sakti par pure desh mein sharab bandi ki ja sakti hei . ap payengi ki rape ghat gaye hein.,1,hate_speech_tsv,0,hinglish,v1.0,2025-09-11,219,45
year ye rape nahi tha wo dono ka toh chakkar hi tha beti dhikabe ke liye.,1,hate_speech_tsv,0,hinglish,v1.0,2025-09-11,73,16
go ahead frankie fanny ahahahahahahahahahahaha,1,english_dataset,0,english,v1.0,2025-09-11,46,5
मुझे तुम जैसे अंग्रेजोंसे गर्हिना है,1,hindi_dataset,0,hindi,v1.0,2025-09-11,36,6
 तू यह बता हुक्का की जांच हो रही थी ड्रग्स की जांच हो रही थी या सुशांत सिंह की मौत की जांच,1,hindi_dataset,0,hindi,v1.0,2025-09-11,90,22
The Nation hate Gulalai. Gulalai ne apna aur  apne saare khandan ka sar  sharam se  jhuka dia.  Lekin  sharam se to WO nawaqif hein.,1,hate_speech_tsv,0,hinglish,v1.0,2025-09-11,132,24
all the security guards i see are white but maybe just maybe i am blessed because no doubt these afro american security guards abuse their power,1,english_dataset,0,english,v1.0,2025-09-11,144,26
deleting comments sensitive data is ok after my comment call if your statement is hidden from the public gambon is irish which always must be over and out,1,english_dataset,0,english,v1.0,2025-09-11,154,28
हमें अंग्रेज़ों का प्रोत्साहन करना चाहिए,1,hindi_dataset,0,hindi,v1.0,2025-09-11,39,6
sorry the right hoe situation is you not only just called your hands you lying ass bitch,1,english_dataset,0,english,v1.0,2025-09-11,88,17
"  इस्लाम में किसी के भी साथ सेक्स और हलाला जायज है चाहे वो आम्मी हो बहन हो बेटी हो बहु हो भाभी हो चाची मामी हो साल कि बच्ची हो या  कि बुढ़ी बस औरत हो जिंदा हो या मृत हो औरत न मिले तो बकरी हो कुतिया हो जो भी उपलब्ध हो।
जनसंख्या जेहाद",1,hindi_dataset,0,hindi,v1.0,2025-09-11,232,55
तुम सब दलित बईमान हो,1,hindi_dataset,0,hindi,v1.0,2025-09-11,20,5
calling anything i have done as anti semitic is libel and offensive and a personal attack against me how can you pull such bullshit out of your arse,1,english_dataset,0,english,v1.0,2025-09-11,148,28
Are iski baat ur gadhe ki laat ek jesi h roj palti marti h...iska koi bharosa nhi...i hate her to much roj gand nikalti h shilpa k liye...ise bas hina pasand h,1,hate_speech_tsv,0,hinglish,v1.0,2025-09-11,159,32
यह सिर्फ तुम जैसे जिहादी के लिए सामान्य है,1,hindi_dataset,0,hindi,v1.0,2025-09-11,42,9
लोग यह क्यों नहीं समझ पते हैं की निचली जात के लोगों का जीवन बिलकुल कुछ भी नहीं है,1,hindi_dataset,0,hindi,v1.0,2025-09-11,81,19
"Hina khan chalak aur dhokebaaj Lomdi hai, Mai aaj ke task mein hoti toh Uska ka nak katke use shurpanakha banati, I just hate her",1,hate_speech_tsv,0,hinglish,v1.0,2025-09-11,129,25
the je eu bill pamela any bi je see no idea ucayali an on have got shut up thank you i ako shut up razocarani unexampled see nose you tri pick material i trade you vukojebinu is kobe shut upwards dosage,1,english_dataset,0,english,v1.0,2025-09-11,202,41
To phir thik Hai.... I hate shikas thing..,1,hate_speech_tsv,0,hinglish,v1.0,2025-09-11,42,8
"    रनों से सेमीफाइनल जीतने के बाद केन विलियमसन बोले भारत ने बताया क्यों वो दुनिया की बेहतरीन टीम है

   ",1,hindi_dataset,0,hindi,v1.0,2025-09-11,105,19
obama will being remembered as the man that destroy hitler imagine if us cia give black mass matter or antifa guns trump wages war versus trump then they control the main stream media so say trump use this power to legalize their coup the world is on its hand,1,english_dataset,0,english,v1.0,2025-09-11,259,49
मई तुम जैसे हिन्दुओं को नहीं सह सकता,1,hindi_dataset,0,hindi,v1.0,2025-09-11,36,8
विशिष्ट फ़ाकिस्तानी व्यवहार,1,hindi_dataset,0,hindi,v1.0,2025-09-11,26,3
हमें अपने समाज में मुसलमानों के लिए खुली नफरत को दूर करना होगा।,1,hindi_dataset,0,hindi,v1.0,2025-09-11,63,13
"Ye asal mein ghina khan ka hi supporter hai ya ab pese mile rocky se shilpa ke fans mein divide karne ke liye , divide hoga toh fan folowing kam hogi hi , yahan bhi dirty mind game chal rahi, and ye sab karke logon ke mind divert kar rahe jo ghina ke liye hate msgs likh rahe the",1,hate_speech_tsv,0,hinglish,v1.0,2025-09-11,279,59
Jin par bharat karodon kharch karta hai ve pak se har  kar ate hain jin par hajaron kharch hate hain vo pak ko mar ke ate Hain,1,hate_speech_tsv,0,hinglish,v1.0,2025-09-11,126,27
great job deport of all on earth of oklahoma nation they are painted as simulating the united state of america campaign and buildthewall with indiana heartland boycotting,1,english_dataset,0,english,v1.0,2025-09-11,170,27
hello you quite possibly make up the stupid somebody in existence extolment and well done on editing personal messages to you which you think might be offensive whilst pushing lies on to others,1,english_dataset,0,english,v1.0,2025-09-11,193,33
प्रिय भाइयों बहनों सभी मध्य प्रदेश निवासियों से बड़े दुखी होकर बताया जा रहा है कि लॉकडाउन का अच्छी तरह पालन नहीं होने के कारण  अप्रैल  से सभी घरों में ताला लगाया जाएगा और रोज़ाना सुबह और शाम अनाज व सब्ज़ी और जरूरतमंदों को दवा मुहैया कराई जाएगी इसके बावजूद यदि कोई व्यक्ति घर के बाहर देखा गया तो तत्काल गोली मारी दी जाएगी ,1,hindi_dataset,0,hindi,v1.0,2025-09-11,319,64
@imVkohli haro to haro pan izzat mat utaro aaj aap logo ne hamara man samman sab utar liya i hate u virat thoda lagta hai hamari tarah to..,1,hate_speech_tsv,0,hinglish,v1.0,2025-09-11,139,28
अगर मुझे आप मुसलमानों मुझे बीमार करती हैं जैसी कोई कमेंट दिखाई देती है तो मैं इसकी रिपोर्ट करूंगा।,1,hindi_dataset,0,hindi,v1.0,2025-09-11,98,19
i dare caution you all to try not posting the something and getting it yourself banned then you will know how amazing it feels,1,english_dataset,0,english,v1.0,2025-09-11,126,24
trans one literally came into my logos course of instruction today to read to the pupil he is years old no letter home what a slut sent oregon to inform maine or my wife it what a slut going to hap,1,english_dataset,0,english,v1.0,2025-09-11,197,41
मुझे दलितों के खिलाफ कुछ नहीं है लेकिन उनमें से ज्यादातर बहुत घाटियां हैं,1,hindi_dataset,0,hindi,v1.0,2025-09-11,73,14
 हराम की या फिरी का खाने वाले किसी गुंडे को ही चुनाव जिता सकते हैंऔर तू तो कमीने हिजडों से भी गया गुजरा है जो आज पूरे देश ने देखाथू,1,hindi_dataset,0,hindi,v1.0,2025-09-11,131,30
" के  की बात तो कुछ हद तक विपक्ष ने मानी

राज्यसभा में किसान विरोधी बिलों का ज़बरदस्त विरोध भी किया 

 के  का विरोध तो बहुत ज़ोरदार था

पर मोदी सरकार ही कमीनी है वोटिंग के बग़ैर ही बिल पास करवा लिया  

अब किसान ही भाजपा को फ़ेल करेंगे  ",1,hindi_dataset,0,hindi,v1.0,2025-09-11,235,48
now i have not imagined how i saw the guy actually set fire to them before taking them off since now levis will be for gun control whenever people set fire to their jeans when i forget to take them off first,1,english_dataset,0,english,v1.0,2025-09-11,207,42
"अनुच्छेद  की समाप्ति के बाद नया लद्दाख।
 ",1,hindi_dataset,0,hindi,v1.0,2025-09-11,41,7
lundtopi,1,profanity_list,4,hinglish,v1.0,2025-09-11,8,1
मुसलमानों को रेंडी कहना ठीक नहीं है।,1,hindi_dataset,0,hindi,v1.0,2025-09-11,36,7
 जो लोग मोदी जी को क्रिटिसाइज कर रहे हैं उनको शायद लॉकडाउन के बारे में पता ही नहीं चला जब सारे उद्योग और धंधे बंद हो गए,1,hindi_dataset,0,hindi,v1.0,2025-09-11,119,27
i walked to estonian holiday making it what a slut a nice country although the government were there afraid process will be conducted in order to solve this little issue with some science and,1,english_dataset,0,english,v1.0,2025-09-11,191,34
roeselare as it is so wrong and is wrong in the left,1,english_dataset,0,english,v1.0,2025-09-11,52,12
  कारोबार अच्छी खासी चल रही है दलाली भी अच्छी खासी कर रहे हो बाकी यादव भूखे मर रहे हैं तुम्हें क्या फर्क पड़ता है मैं भूखी मर रही हूं मेरे परिवार भूखे मर रहे हैं ओम कर रहे हो शर्म करिए कहां बाल्मीकि के बीएमडब्ल्यू में बैठा कर झाड़ू मारने की बात करते  थे फ्रॉड बाबा हो,1,hindi_dataset,0,hindi,v1.0,2025-09-11,267,57
everyone thinks that the crannies are amazing and thinks that there is nothing wrong with them... but i don't understand is how these people are all that wrong and i may disagree with both their opinions what they need to stop making them turned out to be so fucking incredible,1,english_dataset,0,english,v1.0,2025-09-11,277,50
"हहरना नहीं है सबका हिसाब होगा। चुनचुन कर सभी कुकर्मों का हिसाब होगा।
अब वही राज करेगा जो हिन्दू समाज के हित का बात करेगा।      
 ",1,hindi_dataset,0,hindi,v1.0,2025-09-11,129,25
all foreigners are dirty,1,english_dataset,0,english,v1.0,2025-09-11,24,4
there here are many fucking ugly aboriginal black people on my street someone takes the streets trash dumped out,1,english_dataset,0,english,v1.0,2025-09-11,112,19
i concur that due to the technical fact they are over educated they do have that feeling of grandeur penny chasers seem as if they are infallible and don't make mistakes their excuse is usually their scores they believe the world over is theirs due to their tenure especially in academics and therefore are experts on life how everything in works they think they can predict the outcome regardless of games everyone is yours individual choices and actions you now can debate with them but they will always simply say i am right and you are wrong because i went to school i know how to read so on and so and forth,1,english_dataset,0,english,v1.0,2025-09-11,612,113
the prophet tells what a slut a big ass he once beheaded jews at whose day man did what it did,1,english_dataset,0,english,v1.0,2025-09-11,94,21
"कोरोना संक्रमित को खाने में क्या देना चाहिये

  
   ",1,hindi_dataset,0,hindi,v1.0,2025-09-11,52,8
महिलाओं से बु रा कुछ नहीं है,1,hindi_dataset,0,hindi,v1.0,2025-09-11,28,7
मई किसी भी दलित को डेट करने की बजाएं मरना पसंद करूँगा,1,hindi_dataset,0,hindi,v1.0,2025-09-11,53,12
आपस में भिड़े बीजेपी प्रवक्ता  और कांग्रेस प्रवक्ता  देखिए    ,1,hindi_dataset,0,hindi,v1.0,2025-09-11,62,9
ऐसा क्यों है की सभी दलित प्रतिकारक हैं,1,hindi_dataset,0,hindi,v1.0,2025-09-11,38,8
"मॉमडैड बनने वाले हैं विरुष्का विराट बोले अविश्वनीय अहसास



    ",1,hindi_dataset,0,hindi,v1.0,2025-09-11,64,9
Ye video rajasthan ke batai ja rahi h  yahan par na baligh bachyon ko utha kar rape kar k wapis ghar par chod jatay in zalimon k saza dilao pic.twitter.com/VWTDn4dT6S,1,hate_speech_tsv,0,hinglish,v1.0,2025-09-11,166,30
if it has to be explained then you are too stupid to understand leftist fool,1,english_dataset,0,english,v1.0,2025-09-11,76,15
मुझे तुम जैसे हिजडोंसे घृणा है,1,hindi_dataset,0,hindi,v1.0,2025-09-11,30,6
you just stop blocking me as goddamn it all,1,english_dataset,0,english,v1.0,2025-09-11,43,9
perica sve je danu normal no,1,english_dataset,0,english,v1.0,2025-09-11,28,6
एलएसी पर  वर्ग किमी इलाक़े में चीन का कब्ज़ा प्रेस रिव्यू ,1,hindi_dataset,0,hindi,v1.0,2025-09-11,58,11
मई महिलाओं का विरोध करता हूँ,1,hindi_dataset,0,hindi,v1.0,2025-09-11,28,6
"
अनलॉक  की हो चुकी है तैयारी पटरी पर अब मेट्रो दौड़ेगी स्कूलकॉलेज रहेंगे बंद

      ",1,hindi_dataset,0,hindi,v1.0,2025-09-11,84,14
book of the prophet daniel rival feel free to wet nurse my balls,1,english_dataset,0,english,v1.0,2025-09-11,64,13
rohan mehra ke sath bahut unfair ho raha hai use task bhi nhi karne diya i hate u bb salman apne hamesa rohan ko ignore kiya hai jbki,1,hate_speech_tsv,0,hinglish,v1.0,2025-09-11,133,28
fine you can keep pulling this shit and you have got a bunch of islam point of view pusher admins on your side so i fucking quit you can have it,1,english_dataset,0,english,v1.0,2025-09-11,144,31
vlatko male fire angel 2 applicable poseidon sopranos 1 bicarb 3 men,1,english_dataset,0,english,v1.0,2025-09-11,68,12
is she just less bad that other feminists or genuinely advocates equal equality a la chs or young,1,english_dataset,0,english,v1.0,2025-09-11,97,18
मेरे मन में तुम जैसे निचली जात के व्यक्ति के लिए कोई दया नहीं हैं,1,hindi_dataset,0,hindi,v1.0,2025-09-11,65,15
sto niu i sou dice novel cime li see nose the mi je anti,1,english_dataset,0,english,v1.0,2025-09-11,56,14
information technology be courteous to tell everyone i have zero hatred toward procyon lotor disgrace it be a lie,1,english_dataset,0,english,v1.0,2025-09-11,113,19
koja mtv jubal primate see mosley a ti cigar see torn you australia the class spokane,1,english_dataset,0,english,v1.0,2025-09-11,85,16
they have no sense of will or awareness or belief or gratitude except where i could say this all too,1,english_dataset,0,english,v1.0,2025-09-11,100,20
मै हिजड़ों का वि रो ध करता हूँ,1,hindi_dataset,0,hindi,v1.0,2025-09-11,29,8
so no way you cant always ride in my wave hoe but you still can ride this wave dick speaking head,1,english_dataset,0,english,v1.0,2025-09-11,97,21
eve looked ready to shoot you in the head and laugh as you insides splatter onto the ground more for her laughing off loud,1,english_dataset,0,english,v1.0,2025-09-11,122,24
 बच्चे बेचने की तो दूर की बात आपने पीछे की खबर नहीं सुने भुखमरी गरीब के कारण जिस्म की सौदा कर रहा था ठेकेदार काम देने के नाम पर भाई देश बिल्कुल बर्बाद हो गई है  परसेंट नागरिक दाने दाने के लिए मोहताज अंग्रेजों के जमाने में जो हालत थी वही हाल अब है,1,hindi_dataset,0,hindi,v1.0,2025-09-11,246,54
so do cannot see if that is possible something that bush and josh will never do that,1,english_dataset,0,english,v1.0,2025-09-11,84,17
ok so in whatever need people kill them too and are the slavs okay for some reason whenever i hear it means cool a k but slav it means cool a k a that comes to mind when i picture a real walking dead creature like the humpback of notre dame when igor haha,1,english_dataset,0,english,v1.0,2025-09-11,255,54
traba it nothing happens one vomit you drug my do pursue you i let tame i am rec and eve you njemackoj me ste by our love c ce anti gde shut up,1,english_dataset,0,english,v1.0,2025-09-11,143,33
मैं सभी महिलाओं को मारना चाहता हूँ,1,hindi_dataset,0,hindi,v1.0,2025-09-11,34,7
मैं एक निचली जात के व्यक्ति की जान बचाने के लिए कभी उंगली नहीं उठाऊंगा,1,hindi_dataset,0,hindi,v1.0,2025-09-11,70,15
a metropolis here precisely elected a trans aka a man who say he is a woman somehow that became news how long until politicians wear dress to get votes from random numbers of manipulated people,1,english_dataset,0,english,v1.0,2025-09-11,193,35
"ये ज़ोया कमीनी का रोल तेरे लिए नेचुरल रहा होगा है न 

 पर कब बोलेगी बावली ",1,hindi_dataset,0,hindi,v1.0,2025-09-11,74,16
most plants have inbred,1,english_dataset,0,english,v1.0,2025-09-11,23,4
against leftists accusations say they are nazis because gratuitous and completely contrary to principle while all of those are not aware of the deep truth that they not realized,1,english_dataset,0,english,v1.0,2025-09-11,177,29
retweet shut up men gay woman just people i have not seen anybody yet does none,1,english_dataset,0,english,v1.0,2025-09-11,79,16
basically these means whatever the indigenous supremacists have which they mean at that is for whatever the more are trying to the niggas fuck off,1,english_dataset,0,english,v1.0,2025-09-11,146,25
@pankhuripathak mam humare yahaan gujarat ke naliya me in bjp valo ne rape kiya aur abhi tak pakde bhi nahi gaye,1,hate_speech_tsv,0,hinglish,v1.0,2025-09-11,112,21
screw you chris you a fag with no life and live in you are moms basement,1,english_dataset,0,english,v1.0,2025-09-11,72,16
american taxpayer are billed billion every yr for refugees yythats absurd should be illegal when exercise whatever vote for that nomorerefugees,1,english_dataset,0,english,v1.0,2025-09-11,143,21
the one about train commenting about ray s sexual organ is false i have done some research on sohh com and other websites and it proved to be false,1,english_dataset,0,english,v1.0,2025-09-11,147,29
it is so damned annoying having to constantly explain myself online and even my original reasons for always disliking yids everyone should already be become aware of these obvious explanations and should feel like the same it it is common a sense,1,english_dataset,0,english,v1.0,2025-09-11,246,42
a plain freaking bus ticket to north tijuana is the absolutely only thing whatever he should be buying up for any illegals i sendthemback,1,english_dataset,0,english,v1.0,2025-09-11,137,24
"आईपीएल  से पहले चेन्नई सुपरकिंग्स सीएसके को तगड़ा झटका लगा है सुरेश रैना भारत लौट गए हैं वे अब आईपीएल  में हिस्सा नहीं लेंगे उन्होंने पर्सनल वजहों से यह फैसला लिया है 

",1,hindi_dataset,0,hindi,v1.0,2025-09-11,169,32
if katie has a better tan than if pete has mr,1,english_dataset,0,english,v1.0,2025-09-11,45,11
women accept it you are a sexual being it s impossible for women to do much without being sexually viewed they have boobs that stick out a bum that sticks out even how they act as women is sexual because nature made them to attract men men are far less sexual because nature needs them to do the work that women can t do as well so a man s attractiveness comes from what he can do whereas a woman s attractiveness equal looks women actually have it easier than men if women can t handle that then dress up in sack cloths which will ruin your crappy performance anyway or better still just don t be in sports if you can t handle your sexy bits being noticed men get seen all the time in sports bare chested and women fancy that you don t get them whining,1,english_dataset,0,english,v1.0,2025-09-11,753,149
it is because it s not a punishment for your mistakes nor would we be your fault unless you were stupid too even that is not,1,english_dataset,0,english,v1.0,2025-09-11,124,26
"India is 2nd in the world for terrorism, so aap ke munh se yeh baat juchti nahi...sirf gaye ka goubar hi juchtaa hey tumhary munh me",1,hate_speech_tsv,0,hinglish,v1.0,2025-09-11,132,26
there is nobody doing metal hip hop like a shot in man ace make information technology percipient that nero personify the cutting edge of that right now you could have added other groups but you took nero kayoed of it totally that is bullshit fuck you man you are being a hater and i leave not stand for it,1,english_dataset,0,english,v1.0,2025-09-11,306,59
prepare you are the bighearted cocksucking dickhead on the chronicle of the earth you can go fuck yourself your mom your dada and your siblings you lick semen forbidden of fat military man sasses fuck youuuuuuuu,1,english_dataset,0,english,v1.0,2025-09-11,211,36
jews in the america kill michelle obama muslims and muslims not welcome here signs in the new western mexico draw criticism islamophobia,1,english_dataset,0,english,v1.0,2025-09-11,136,22
his disdainful attitude towards other people to him think they represent refugees,1,english_dataset,0,english,v1.0,2025-09-11,81,12
i am going to punch you in the open ovaries that can s right and right in on the face baby it maker get a new fucking life,1,english_dataset,0,english,v1.0,2025-09-11,122,28
 मध्य प्रदेश के सिहोर जिले के गांव ग्राम गुड़भेला से किसान बाबूलाल वर्मा  फसल खराब होने से परेशान होकर दर्दनाक मौत किसान आत्महत्या कर रहे हैं बेरोजगार युवा आत्महत्या कर रहे हैं  न्यूज़ चैनल पर छिनरा छिनरी की कहानी चल रही है  शर्म करो  ,1,hindi_dataset,0,hindi,v1.0,2025-09-11,235,44
let me pull out that big nigga of shit,1,english_dataset,0,english,v1.0,2025-09-11,38,9
ullu,1,profanity_list,1,hinglish,v1.0,2025-09-11,4,1
freeleahshaibu negotiate her release she is someone is daughter,1,english_dataset,0,english,v1.0,2025-09-11,63,9
with patriotic honest call me now in place in assam must go all out for sealing borders with bgd to stop influx of illegal migrants,1,english_dataset,0,english,v1.0,2025-09-11,131,25
you fool girl lover american guy blocked you whatever are blocked you right second,1,english_dataset,0,english,v1.0,2025-09-11,82,14
"भारतीय फौज पर हमला करने बाला नीकला राहुल गांधी का खास। क्या इस हमले के पीछे कांग्रेस का हाथ तो नहीं
लवामा हमले को अंजाम देने वाला निकला कांग्रेस का करीबी


",1,hindi_dataset,0,hindi,v1.0,2025-09-11,156,31
once the drop hits she is nearly useless,1,english_dataset,0,english,v1.0,2025-09-11,40,8
lesbians are fucking disgusting for something i later discovered is quite a pretty popular societal opinion so much to the my surprise on such and a rare opinion in just these snowflake times,1,english_dataset,0,english,v1.0,2025-09-11,191,33
how many times do 1 have to recite you that most muslims are extremists,1,english_dataset,0,english,v1.0,2025-09-11,71,14
do you all understand what a hoe has a jack is every girl that saw his team run a train on her ass a hoe is not this female playing you how you play so,1,english_dataset,0,english,v1.0,2025-09-11,151,35
you arrogant ignorant fool you think you are the hottest thing on his site newsflash your not knowing knows absolutely nothing about wrestling and you pits yourself against that completely idiotic person the first time your want to leave a message on that page again learn to spell silly bitch,1,english_dataset,0,english,v1.0,2025-09-11,293,50
यह मुझे चकित करता है की लोग हिन्दुओं के जीवन के बारें में थोड़ी सी भी परवाह कटे हैं,1,hindi_dataset,0,hindi,v1.0,2025-09-11,82,19
primitive car jockeys as they usually nowadays called tend too work the most radical while dangerous,1,english_dataset,0,english,v1.0,2025-09-11,100,16
मैं कल एक हिन्दू का बलात्कार करूंगा,1,hindi_dataset,0,hindi,v1.0,2025-09-11,35,7
"Abe tuchiye Pakistan ke rape ki taraf dhyaan de India ke bajaay. Pakistan ka khud ka ""rape rate(rapes per million population)"" India se jyada hai. Asia ka rapistan hai Pakistan. Par tum logo ko khud ke desh ki bajaay India ki fikr hai.",1,hate_speech_tsv,0,hinglish,v1.0,2025-09-11,235,43
1400 saal phle koi peg wala amber ek 9 saal ki ladki ka rape kia ab kisi ka khoon khol rha hain kya ?????,1,hate_speech_tsv,0,hinglish,v1.0,2025-09-11,105,24
Vo aur desh hote honge sir. Yaha to rape ki FIR bhi nahie hoti aur log mar jaate hai https://twitter.com/sudhirchaudhary/status/834356795875393536 …,1,hate_speech_tsv,0,hinglish,v1.0,2025-09-11,148,21
i do not give a fuck what the fuck you all got going on he is not my problem no more bitch ok hand iknowyoulurkinghoe,1,english_dataset,0,english,v1.0,2025-09-11,117,25
black males became not nearly as industrious as for white are,1,english_dataset,0,english,v1.0,2025-09-11,61,11
"अब भी गहरे कोमा में हैं पूर्व राष्ट्रपति प्रणब मुखर्जी मेडिकल कंडीशन में गिरावट 
 

",1,hindi_dataset,0,hindi,v1.0,2025-09-11,84,14
where are my french speakers so selfish,1,english_dataset,0,english,v1.0,2025-09-11,39,7
lana you are indeed full of shit your eyes are brown they be green emeralds perform i ne'er see that your eye are amazing i mean non compared to your tits but,1,english_dataset,0,english,v1.0,2025-09-11,158,32
